timestamp,mean,max,std,label
03:33:24.095,0.6992,0.6992,0.0,0
03:33:24.096,0.6992,0.6992,0.0,0
03:33:24.097,0.6992,0.6992,0.0,0
03:33:24.320,0.6942,0.6942,0.0,0
03:33:24.446,0.6942,0.6942,0.0,0
03:33:24.538,0.6942,0.6942,0.0,0
03:33:24.602,0.6993,0.6993,0.0,0
03:33:24.652,0.6993,0.6993,0.0,0
03:33:24.733,0.6993,0.6993,0.0,0
03:33:24.813,0.6852,0.6852,0.0,0
03:33:24.940,0.6852,0.6852,0.0,0
03:33:25.032,0.6852,0.6852,0.0,0
03:33:25.101,0.6846,0.6846,0.0,0
03:33:25.170,0.6846,0.6846,0.0,0
03:33:25.272,0.6846,0.6846,0.0,0
03:33:25.348,0.6893,0.6893,0.0,0
03:33:25.421,0.6893,0.6893,0.0,0
03:33:25.490,0.6893,0.6893,0.0,0
03:33:25.571,0.6943,0.6943,0.0,0
03:33:25.639,0.6943,0.6943,0.0,0
03:33:25.709,0.6943,0.6943,0.0,0
03:33:25.862,0.6847,0.6847,0.0,0
03:33:25.862,0.6847,0.6847,0.0,0
03:33:25.949,0.6946,0.6946,0.0,0
03:33:25.949,0.6946,0.6946,0.0,0
03:33:26.034,0.6902,0.6902,0.0,0
03:33:26.110,0.6844,0.6844,0.0,0
03:33:26.168,0.6844,0.6844,0.0,0
03:33:26.248,0.6844,0.6844,0.0,0
03:33:26.328,0.6902,0.6902,0.0,0
03:33:26.396,0.6902,0.6902,0.0,0
03:33:26.526,0.6753,0.6753,0.0,0
03:33:26.901,0.6945,0.6945,0.0,0
03:33:26.976,0.7042,0.7042,0.0,0
03:33:26.976,0.6945,0.6945,0.0,0
03:33:27.042,0.7042,0.7042,0.0,0
03:33:27.122,0.7042,0.7042,0.0,0
03:33:27.342,0.6893,0.6893,0.0,0
03:33:27.361,0.6893,0.6893,0.0,0
03:33:27.361,0.6893,0.6893,0.0,0
03:33:27.441,0.6847,0.6847,0.0,0
03:33:27.499,0.6847,0.6847,0.0,0
03:33:27.499,0.6847,0.6847,0.0,0
03:33:27.601,0.6899,0.6899,0.0,0
03:33:27.648,0.6899,0.6899,0.0,0
03:33:27.648,0.6899,0.6899,0.0,0
03:33:27.916,0.6849,0.6849,0.0,0
03:33:27.916,0.6849,0.6849,0.0,0
03:33:28.000,0.7083,0.7083,0.0,0
03:33:28.000,0.7083,0.7083,0.0,0
03:33:28.256,0.6993,0.6993,0.0,0
03:33:28.394,0.6849,0.6849,0.0,0
03:33:28.394,0.6849,0.6849,0.0,0
03:33:28.569,0.7086,0.7086,0.0,0
03:33:28.569,0.7086,0.7086,0.0,0
03:33:28.875,0.7041,0.7041,0.0,0
03:33:28.875,0.7041,0.7041,0.0,0
03:33:29.037,0.7084,0.7084,0.0,0
03:33:29.249,0.7084,0.7084,0.0,0
03:33:29.369,0.6702,0.6702,0.0,0
03:33:29.369,0.6702,0.6702,0.0,0
03:33:29.454,0.6943,0.6943,0.0,0
03:33:29.885,0.6795,0.6795,0.0,0
03:33:29.885,0.6795,0.6795,0.0,0
03:33:29.885,0.6795,0.6795,0.0,0
03:33:30.070,0.6753,0.6753,0.0,0
03:33:30.118,0.6753,0.6753,0.0,0
03:33:30.398,0.7086,0.7086,0.0,0
03:33:30.398,0.7086,0.7086,0.0,0
03:33:30.513,0.694,0.694,0.0,0
03:33:30.513,0.694,0.694,0.0,0
03:33:30.603,0.6943,0.6943,0.0,0
03:33:30.603,0.6943,0.6943,0.0,0
03:33:30.684,0.6943,0.6943,0.0,0
03:33:30.764,0.6899,0.6899,0.0,0
03:33:30.844,0.6899,0.6899,0.0,0
03:33:30.949,0.7041,0.7041,0.0,0
03:33:30.949,0.7041,0.7041,0.0,0
03:33:31.493,0.6611,0.6611,0.0,0
03:33:31.563,0.7283,0.7283,0.0,0
03:33:31.563,0.7283,0.7283,0.0,0
03:33:31.655,0.6754,0.6754,0.0,0
03:33:31.723,0.6754,0.6754,0.0,0
03:33:31.723,0.6754,0.6754,0.0,0
03:33:31.803,0.685,0.685,0.0,0
03:33:31.862,0.685,0.685,0.0,0
03:33:31.862,0.685,0.685,0.0,0
03:33:32.095,0.7036,0.7036,0.0,0
03:33:32.158,0.6799,0.6799,0.0,0
03:33:32.158,0.6799,0.6799,0.0,0
03:33:32.293,0.6987,0.6987,0.0,0
03:33:32.454,0.6945,0.6945,0.0,0
03:33:32.771,0.6851,0.6851,0.0,0
03:33:32.867,0.6993,0.6993,0.0,0
03:33:32.867,0.6993,0.6993,0.0,0
03:33:33.112,0.6988,0.6988,0.0,0
03:33:33.113,0.6988,0.6988,0.0,0
03:33:33.279,0.68,0.68,0.0,0
03:33:33.581,0.6849,0.6849,0.0,0
03:33:33.876,0.7035,0.7035,0.0,0
03:33:33.876,0.7035,0.7035,0.0,0
03:33:33.995,0.69,0.69,0.0,0
03:33:34.075,0.69,0.69,0.0,0
03:33:34.409,0.685,0.685,0.0,0
03:33:34.409,0.685,0.685,0.0,0
03:33:34.482,0.6705,0.6705,0.0,0
03:33:34.482,0.6705,0.6705,0.0,0
03:33:34.654,0.6756,0.6756,0.0,0
03:33:34.654,0.6756,0.6756,0.0,0
03:33:34.830,0.6851,0.6851,0.0,0
03:33:34.842,0.6851,0.6851,0.0,0
03:33:35.010,0.6948,0.6948,0.0,0
03:33:35.070,0.6948,0.6948,0.0,0
03:33:35.864,0.665,0.665,0.0,0
03:33:35.864,0.665,0.665,0.0,0
03:33:35.988,0.6941,0.6941,0.0,0
03:33:36.101,0.6804,0.6804,0.0,0
03:33:36.101,0.6804,0.6804,0.0,0
03:33:36.259,0.661,0.661,0.0,0
03:33:36.259,0.661,0.661,0.0,0
03:33:36.440,0.6843,0.6843,0.0,0
03:33:36.537,0.6843,0.6843,0.0,0
03:33:36.781,0.7033,0.7033,0.0,0
03:33:36.781,0.7033,0.7033,0.0,0
03:33:36.891,0.6946,0.6946,0.0,0
03:33:36.891,0.6946,0.6946,0.0,0
03:33:37.021,0.6899,0.6899,0.0,0
03:33:37.021,0.6899,0.6899,0.0,0
03:33:37.130,0.699,0.699,0.0,0
03:33:37.130,0.699,0.699,0.0,0
03:33:37.287,0.6797,0.6797,0.0,0
03:33:37.287,0.6797,0.6797,0.0,0
03:33:37.478,0.685,0.685,0.0,0
03:33:37.561,0.7086,0.7086,0.0,0
03:33:38.040,0.6711,0.6711,0.0,0
03:33:38.040,0.6711,0.6711,0.0,0
03:33:38.121,0.6943,0.6943,0.0,0
03:33:38.121,0.6943,0.6943,0.0,0
03:33:38.458,0.6938,0.6938,0.0,0
03:33:38.551,0.6898,0.6898,0.0,0
03:33:38.551,0.6898,0.6898,0.0,0
03:33:38.676,0.7182,0.7182,0.0,0
03:33:38.676,0.7182,0.7182,0.0,0
03:33:38.676,0.7182,0.7182,0.0,0
03:33:38.790,0.6944,0.6944,0.0,0
03:33:38.869,0.6944,0.6944,0.0,0
03:33:38.869,0.6944,0.6944,0.0,0
03:33:38.983,0.6848,0.6848,0.0,0
03:33:39.062,0.6848,0.6848,0.0,0
03:33:39.241,0.7083,0.7083,0.0,0
03:33:39.241,0.7083,0.7083,0.0,0
03:33:39.382,0.6846,0.6846,0.0,0
03:33:39.382,0.6846,0.6846,0.0,0
03:33:39.779,0.6941,0.6941,0.0,0
03:33:39.779,0.6941,0.6941,0.0,0
03:33:39.867,0.6662,0.6662,0.0,0
03:33:39.867,0.6662,0.6662,0.0,0
03:33:53.313,0.7093,0.7093,0.0,0
03:33:53.434,0.7134,0.7134,0.0,0
03:33:53.434,0.7134,0.7134,0.0,0
03:33:53.547,0.6846,0.6846,0.0,0
03:33:53.548,0.6846,0.6846,0.0,0
03:33:53.616,0.6846,0.6846,0.0,0
03:33:53.708,0.6662,0.6662,0.0,0
03:33:53.777,0.6662,0.6662,0.0,0
03:33:53.778,0.6944,0.6944,0.0,0
03:33:53.893,0.6944,0.6944,0.0,0
03:33:53.937,0.6944,0.6944,0.0,0
03:33:54.006,0.6946,0.6946,0.0,0
03:33:54.097,0.6946,0.6946,0.0,0
03:33:54.189,0.6941,0.6941,0.0,0
03:33:54.325,0.6947,0.6947,0.0,0
03:33:54.427,0.6947,0.6947,0.0,0
03:33:54.496,0.6704,0.6704,0.0,0
03:33:54.554,0.6704,0.6704,0.0,0
03:33:54.634,0.6704,0.6704,0.0,0
03:33:54.726,0.7091,0.7091,0.0,0
03:33:54.862,0.6843,0.6843,0.0,0
03:33:54.930,0.6843,0.6843,0.0,0
03:33:55.011,0.6997,0.6997,0.0,0
03:33:55.068,0.6997,0.6997,0.0,0
03:33:55.148,0.6997,0.6997,0.0,0
03:33:55.148,0.6897,0.6897,0.0,0
03:33:55.240,0.6897,0.6897,0.0,0
03:33:55.309,0.6897,0.6897,0.0,0
03:33:55.400,0.6896,0.6896,0.0,0
03:33:55.503,0.6896,0.6896,0.0,0
03:33:55.572,0.6849,0.6849,0.0,0
03:33:55.572,0.6993,0.6993,0.0,0
03:33:55.663,0.6849,0.6849,0.0,0
03:33:55.755,0.6993,0.6993,0.0,0
03:33:55.755,0.7085,0.7085,0.0,0
03:33:55.846,0.6993,0.6993,0.0,0
03:33:55.893,0.7085,0.7085,0.0,0
03:33:55.893,0.7279,0.7279,0.0,0
03:33:55.973,0.7279,0.7279,0.0,0
03:33:56.020,0.6707,0.6707,0.0,0
03:33:56.111,0.6707,0.6707,0.0,0
03:33:56.111,0.6707,0.6707,0.0,0
03:33:56.111,0.6802,0.6802,0.0,0
03:33:56.191,0.6802,0.6802,0.0,0
03:33:56.191,0.6802,0.6802,0.0,0
03:33:56.285,0.6948,0.6948,0.0,0
03:33:56.329,0.6948,0.6948,0.0,0
03:33:56.329,0.6948,0.6948,0.0,0
03:33:56.410,0.661,0.661,0.0,0
03:33:56.489,0.661,0.661,0.0,0
03:33:56.489,0.661,0.661,0.0,0
03:33:56.569,0.6849,0.6849,0.0,0
03:33:56.639,0.6849,0.6849,0.0,0
03:33:56.777,0.7092,0.7092,0.0,0
03:33:56.813,0.7092,0.7092,0.0,0
03:33:56.882,0.6988,0.6988,0.0,0
03:33:56.929,0.6988,0.6988,0.0,0
03:33:56.929,0.6988,0.6988,0.0,0
03:33:57.021,0.6805,0.6805,0.0,0
03:33:57.078,0.6805,0.6805,0.0,0
03:33:57.078,0.6805,0.6805,0.0,0
03:33:57.180,0.6949,0.6949,0.0,0
03:33:57.238,0.6949,0.6949,0.0,0
03:33:57.318,0.6993,0.6993,0.0,0
03:33:57.399,0.6993,0.6993,0.0,0
03:33:57.468,0.675,0.675,0.0,0
03:33:57.536,0.675,0.675,0.0,0
03:33:57.536,0.675,0.675,0.0,0
03:33:57.642,0.6802,0.6802,0.0,0
03:33:57.719,0.6802,0.6802,0.0,0
03:33:57.789,0.6948,0.6948,0.0,0
03:33:57.868,0.6948,0.6948,0.0,0
03:33:57.868,0.7088,0.7088,0.0,0
03:33:57.993,0.7088,0.7088,0.0,0
03:33:58.052,0.6988,0.6988,0.0,0
03:33:58.131,0.6988,0.6988,0.0,0
03:33:58.201,0.7229,0.7229,0.0,0
03:33:58.269,0.7229,0.7229,0.0,0
03:33:58.327,0.6896,0.6896,0.0,0
03:33:58.374,0.6896,0.6896,0.0,0
03:33:58.432,0.656,0.656,0.0,0
03:33:58.432,0.656,0.656,0.0,0
03:33:58.512,0.656,0.656,0.0,0
03:33:58.570,0.7183,0.7183,0.0,0
03:33:58.628,0.7183,0.7183,0.0,0
03:33:58.628,0.6996,0.6996,0.0,0
03:33:58.675,0.6996,0.6996,0.0,0
03:33:58.744,0.6941,0.6941,0.0,0
03:33:58.825,0.6941,0.6941,0.0,0
03:33:58.904,0.6941,0.6941,0.0,0
03:33:58.904,0.6993,0.6993,0.0,0
03:33:58.996,0.6993,0.6993,0.0,0
03:33:59.087,0.6993,0.6993,0.0,0
03:33:59.087,0.6944,0.6944,0.0,0
03:33:59.146,0.6944,0.6944,0.0,0
03:33:59.225,0.6946,0.6946,0.0,0
03:33:59.225,0.6944,0.6944,0.0,0
03:33:59.295,0.6946,0.6946,0.0,0
03:33:59.364,0.6949,0.6949,0.0,0
03:33:59.364,0.6949,0.6949,0.0,0
03:33:59.444,0.7039,0.7039,0.0,0
03:33:59.444,0.6949,0.6949,0.0,0
03:33:59.524,0.7039,0.7039,0.0,0
03:33:59.615,0.7038,0.7038,0.0,0
03:33:59.696,0.7038,0.7038,0.0,0
03:33:59.764,0.7038,0.7038,0.0,0
03:33:59.867,0.6895,0.6895,0.0,0
03:34:00.003,0.6895,0.6895,0.0,0
03:34:00.228,0.6895,0.6895,0.0,0
03:34:00.329,0.6611,0.6611,0.0,0
03:34:00.329,0.6895,0.6895,0.0,0
03:34:00.421,0.6611,0.6611,0.0,0
03:34:00.523,0.6611,0.6611,0.0,0
03:34:00.604,0.6893,0.6893,0.0,0
03:34:00.683,0.6893,0.6893,0.0,0
03:34:00.752,0.7041,0.7041,0.0,0
03:34:00.878,0.6849,0.6849,0.0,0
03:34:01.011,0.6849,0.6849,0.0,0
03:34:01.071,0.6849,0.6849,0.0,0
03:34:01.071,0.6899,0.6899,0.0,0
03:34:01.151,0.6899,0.6899,0.0,0
03:34:01.243,0.6704,0.6704,0.0,0
03:34:01.366,0.6704,0.6704,0.0,0
03:34:01.506,0.6704,0.6704,0.0,0
03:34:01.608,0.6943,0.6943,0.0,0
03:34:01.755,0.6943,0.6943,0.0,0
03:34:01.755,0.6991,0.6991,0.0,0
03:34:01.869,0.6707,0.6707,0.0,0
03:34:01.960,0.6707,0.6707,0.0,0
03:34:02.029,0.6843,0.6843,0.0,0
03:34:02.029,0.6707,0.6707,0.0,0
03:34:02.121,0.6843,0.6843,0.0,0
03:34:02.212,0.6941,0.6941,0.0,0
03:34:02.212,0.6843,0.6843,0.0,0
03:34:02.304,0.6941,0.6941,0.0,0
03:34:02.442,0.6941,0.6941,0.0,0
03:34:02.442,0.6892,0.6892,0.0,0
03:34:02.566,0.6798,0.6798,0.0,0
03:34:02.669,0.6798,0.6798,0.0,0
03:34:02.760,0.7087,0.7087,0.0,0
03:34:02.817,0.7087,0.7087,0.0,0
03:34:02.875,0.6849,0.6849,0.0,0
03:34:02.875,0.6849,0.6849,0.0,0
03:34:02.967,0.7184,0.7184,0.0,0
03:34:03.024,0.6849,0.6849,0.0,0
03:34:03.024,0.6848,0.6848,0.0,0
03:34:03.116,0.6848,0.6848,0.0,0
03:34:03.116,0.7184,0.7184,0.0,0
03:34:03.208,0.6803,0.6803,0.0,0
03:34:03.299,0.6803,0.6803,0.0,0
03:34:03.390,0.6848,0.6848,0.0,0
03:34:03.459,0.7183,0.7183,0.0,0
03:34:03.459,0.6987,0.6987,0.0,0
03:34:03.540,0.6803,0.6803,0.0,0
03:34:03.630,0.661,0.661,0.0,0
03:34:03.678,0.7183,0.7183,0.0,0
03:34:03.790,0.6987,0.6987,0.0,0
03:34:03.893,0.6986,0.6986,0.0,0
03:34:03.940,0.7183,0.7183,0.0,0
03:34:04.031,0.6986,0.6986,0.0,0
03:34:04.031,0.7035,0.7035,0.0,0
03:34:04.111,0.661,0.661,0.0,0
03:34:04.214,0.6846,0.6846,0.0,0
03:34:04.317,0.6986,0.6986,0.0,0
03:34:04.397,0.6846,0.6846,0.0,0
03:34:04.397,0.6747,0.6747,0.0,0
03:34:04.492,0.7035,0.7035,0.0,0
03:34:04.557,0.6608,0.6608,0.0,0
03:34:04.557,0.6747,0.6747,0.0,0
03:34:04.615,0.6995,0.6995,0.0,0
03:34:04.615,0.6846,0.6846,0.0,0
03:34:04.697,0.6608,0.6608,0.0,0
03:34:04.753,0.6997,0.6997,0.0,0
03:34:04.833,0.6995,0.6995,0.0,0
03:34:04.988,0.6943,0.6943,0.0,0
03:34:05.049,0.6997,0.6997,0.0,0
03:34:05.118,0.6992,0.6992,0.0,0
03:34:05.118,0.6995,0.6995,0.0,0
03:34:05.193,0.6943,0.6943,0.0,0
03:34:05.234,0.6997,0.6997,0.0,0
03:34:05.234,0.6943,0.6943,0.0,0
03:34:05.293,0.6992,0.6992,0.0,0
03:34:05.316,0.6943,0.6943,0.0,0
03:34:05.316,0.6656,0.6656,0.0,0
03:34:05.375,0.6943,0.6943,0.0,0
03:34:05.444,0.6992,0.6992,0.0,0
03:34:05.513,0.6656,0.6656,0.0,0
03:34:05.570,0.6899,0.6899,0.0,0
03:34:05.570,0.6943,0.6943,0.0,0
03:34:05.640,0.6991,0.6991,0.0,0
03:34:05.640,0.6995,0.6995,0.0,0
03:34:05.640,0.6656,0.6656,0.0,0
03:34:05.731,0.6991,0.6991,0.0,0
03:34:05.822,0.6899,0.6899,0.0,0
03:34:05.822,0.6611,0.6611,0.0,0
03:34:05.892,0.6846,0.6846,0.0,0
03:34:05.972,0.7135,0.7135,0.0,0
03:34:06.085,0.6611,0.6611,0.0,0
03:34:06.085,0.7092,0.7092,0.0,0
03:34:06.165,0.6847,0.6847,0.0,0
03:34:06.165,0.6846,0.6846,0.0,0
03:34:06.277,0.6895,0.6895,0.0,0
03:34:06.381,0.6847,0.6847,0.0,0
03:34:06.461,0.6896,0.6896,0.0,0
03:34:06.461,0.6895,0.6895,0.0,0
03:34:06.564,0.6897,0.6897,0.0,0
03:34:06.564,0.6852,0.6852,0.0,0
03:34:06.678,0.6895,0.6895,0.0,0
03:34:06.678,0.6896,0.6896,0.0,0
03:34:06.769,0.6991,0.6991,0.0,0
03:34:06.860,0.6897,0.6897,0.0,0
03:34:06.929,0.685,0.685,0.0,0
03:34:06.987,0.6991,0.6991,0.0,0
03:34:06.987,0.6896,0.6896,0.0,0
03:34:06.987,0.6941,0.6941,0.0,0
03:34:07.078,0.685,0.685,0.0,0
03:34:07.078,0.6852,0.6852,0.0,0
03:34:07.170,0.7041,0.7041,0.0,0
03:34:07.170,0.6941,0.6941,0.0,0
03:34:07.249,0.6803,0.6803,0.0,0
03:34:07.250,0.6991,0.6991,0.0,0
03:34:07.319,0.7041,0.7041,0.0,0
03:34:07.399,0.7039,0.7039,0.0,0
03:34:07.399,0.685,0.685,0.0,0
03:34:07.457,0.6803,0.6803,0.0,0
03:34:07.515,0.6941,0.6941,0.0,0
03:34:07.612,0.7039,0.7039,0.0,0
03:34:07.675,0.7041,0.7041,0.0,0
03:34:07.756,0.6994,0.6994,0.0,0
03:34:07.813,0.671,0.671,0.0,0
03:34:07.916,0.6893,0.6893,0.0,0
03:34:07.962,0.7039,0.7039,0.0,0
03:34:07.962,0.7134,0.7134,0.0,0
03:34:08.057,0.671,0.671,0.0,0
03:34:08.123,0.694,0.694,0.0,0
03:34:08.203,0.7134,0.7134,0.0,0
03:34:08.272,0.6893,0.6893,0.0,0
03:34:08.342,0.694,0.694,0.0,0
03:34:08.421,0.6991,0.6991,0.0,0
03:34:08.421,0.671,0.671,0.0,0
03:34:08.591,0.6991,0.6991,0.0,0
03:34:08.682,0.694,0.694,0.0,0
03:34:08.682,0.6748,0.6748,0.0,0
03:34:08.682,0.6849,0.6849,0.0,0
03:34:08.751,0.704,0.704,0.0,0
03:34:08.887,0.6748,0.6748,0.0,0
03:34:08.967,0.7186,0.7186,0.0,0
03:34:08.967,0.6991,0.6991,0.0,0
03:34:09.047,0.7131,0.7131,0.0,0
03:34:09.106,0.6938,0.6938,0.0,0
03:34:09.106,0.6849,0.6849,0.0,0
03:34:09.175,0.7186,0.7186,0.0,0
03:34:09.254,0.6938,0.6938,0.0,0
03:34:09.254,0.6943,0.6943,0.0,0
03:34:09.323,0.6663,0.6663,0.0,0
03:34:09.323,0.6943,0.6943,0.0,0
03:34:09.415,0.68,0.68,0.0,0
,0.0,,,0
03:34:09.415,0.7186,0.7186,0.0,0
03:34:09.483,0.7236,0.7236,0.0,0
03:34:09.483,0.6938,0.6938,0.0,0
03:34:09.575,0.69,0.69,0.0,0
,0.0,,,0
03:34:09.633,0.6943,0.6943,0.0,0
03:34:09.691,0.6895,0.6895,0.0,0
03:34:09.771,0.6663,0.6663,0.0,0
03:34:09.840,0.6895,0.6895,0.0,0
03:34:09.920,0.6895,0.6895,0.0,0
03:34:09.920,0.7236,0.7236,0.0,0
03:34:10.000,0.6992,0.6992,0.0,0
03:34:10.000,0.6989,0.6989,0.0,0
03:34:10.070,0.69,0.69,0.0,0
03:34:10.127,0.7036,0.7036,0.0,0
03:34:10.127,0.6992,0.6992,0.0,0
03:34:10.219,0.6895,0.6895,0.0,0
03:34:10.288,0.6893,0.6893,0.0,0
03:34:10.357,0.6895,0.6895,0.0,0
03:34:10.415,0.6806,0.6806,0.0,0
03:34:10.495,0.6989,0.6989,0.0,0
03:34:10.575,0.6806,0.6806,0.0,0
03:34:10.575,0.7043,0.7043,0.0,0
03:34:10.659,0.6992,0.6992,0.0,0
03:34:10.713,0.7043,0.7043,0.0,0
03:34:10.713,0.6942,0.6942,0.0,0
03:34:10.826,0.7036,0.7036,0.0,0
03:34:10.907,0.6942,0.6942,0.0,0
03:34:10.907,0.6943,0.6943,0.0,0
03:34:10.976,0.6893,0.6893,0.0,0
03:34:11.045,0.6991,0.6991,0.0,0
03:34:11.114,0.6806,0.6806,0.0,0
03:34:11.216,0.7038,0.7038,0.0,0
03:34:11.216,0.6991,0.6991,0.0,0
03:34:11.297,0.7043,0.7043,0.0,0
03:34:11.421,0.7038,0.7038,0.0,0
03:34:11.490,0.6942,0.6942,0.0,0
03:34:11.582,0.6995,0.6995,0.0,0
03:34:11.662,0.6943,0.6943,0.0,0
03:34:11.662,0.6804,0.6804,0.0,0
03:34:11.720,0.7042,0.7042,0.0,0
03:34:11.800,0.7039,0.7039,0.0,0
03:34:11.869,0.7038,0.7038,0.0,0
03:34:11.927,0.6806,0.6806,0.0,0
03:34:11.996,0.7039,0.7039,0.0,0
03:34:11.996,0.6995,0.6995,0.0,0
03:34:12.111,0.6988,0.6988,0.0,0
03:34:12.201,0.6806,0.6806,0.0,0
03:34:12.270,0.6899,0.6899,0.0,0
03:34:12.350,0.6804,0.6804,0.0,0
03:34:12.350,0.6988,0.6988,0.0,0
03:34:12.417,0.6993,0.6993,0.0,0
03:34:12.478,0.7039,0.7039,0.0,0
03:34:12.535,0.6798,0.6798,0.0,0
03:34:12.535,0.6993,0.6993,0.0,0
03:34:12.604,0.6806,0.6806,0.0,0
03:34:12.662,0.6848,0.6848,0.0,0
03:34:12.743,0.6988,0.6988,0.0,0
03:34:12.834,0.6848,0.6848,0.0,0
03:34:12.902,0.6899,0.6899,0.0,0
03:34:12.961,0.6846,0.6846,0.0,0
03:34:12.961,0.6991,0.6991,0.0,0
03:34:13.030,0.6993,0.6993,0.0,0
03:34:13.099,0.6991,0.6991,0.0,0
03:34:13.157,0.6798,0.6798,0.0,0
03:34:13.259,0.7082,0.7082,0.0,0
03:34:13.259,0.6843,0.6843,0.0,0
03:34:13.339,0.6848,0.6848,0.0,0
03:34:13.409,0.6891,0.6891,0.0,0
03:34:13.467,0.6846,0.6846,0.0,0
03:34:13.467,0.6891,0.6891,0.0,0
03:34:13.568,0.6991,0.6991,0.0,0
03:34:13.568,0.6991,0.6991,0.0,0
03:34:13.638,0.6991,0.6991,0.0,0
03:34:13.729,0.713,0.713,0.0,0
03:34:13.787,0.7082,0.7082,0.0,0
03:34:13.787,0.713,0.713,0.0,0
03:34:13.844,0.7135,0.7135,0.0,0
03:34:13.845,0.6891,0.6891,0.0,0
03:34:13.925,0.7135,0.7135,0.0,0
03:34:14.017,0.6991,0.6991,0.0,0
03:34:14.110,0.7031,0.7031,0.0,0
03:34:14.228,0.713,0.713,0.0,0
03:34:14.330,0.7031,0.7031,0.0,0
03:34:14.422,0.7135,0.7135,0.0,0
03:34:14.468,0.6804,0.6804,0.0,0
03:34:14.527,0.6995,0.6995,0.0,0
03:34:14.640,0.6804,0.6804,0.0,0
03:34:14.640,0.6855,0.6855,0.0,0
03:34:14.731,0.7031,0.7031,0.0,0
03:34:14.800,0.6855,0.6855,0.0,0
03:34:14.800,0.6892,0.6892,0.0,0
03:34:14.870,0.6944,0.6944,0.0,0
03:34:14.927,0.6892,0.6892,0.0,0
03:34:14.927,0.6847,0.6847,0.0,0
03:34:15.018,0.6847,0.6847,0.0,0
03:34:15.076,0.6855,0.6855,0.0,0
03:34:15.135,0.6991,0.6991,0.0,0
03:34:15.181,0.694,0.694,0.0,0
03:34:15.181,0.6892,0.6892,0.0,0
03:34:15.284,0.6993,0.6993,0.0,0
03:34:15.341,0.6847,0.6847,0.0,0
03:34:15.411,0.694,0.694,0.0,0
03:34:15.492,0.6846,0.6846,0.0,0
03:34:15.492,0.6948,0.6948,0.0,0
03:34:15.560,0.6993,0.6993,0.0,0
03:34:15.560,0.6847,0.6847,0.0,0
03:34:15.607,0.6846,0.6846,0.0,0
03:34:15.653,0.6656,0.6656,0.0,0
03:34:15.701,0.6948,0.6948,0.0,0
03:34:15.758,0.6946,0.6946,0.0,0
03:34:15.805,0.6656,0.6656,0.0,0
03:34:15.930,0.6946,0.6946,0.0,0
03:34:15.930,0.6849,0.6849,0.0,0
03:34:15.999,0.6747,0.6747,0.0,0
03:34:15.999,0.694,0.694,0.0,0
03:34:16.057,0.6849,0.6849,0.0,0
03:34:16.082,0.6897,0.6897,0.0,0
03:34:16.139,0.694,0.694,0.0,0
03:34:16.198,0.6849,0.6849,0.0,0
03:34:16.198,0.6848,0.6848,0.0,0
03:34:16.256,0.6897,0.6897,0.0,0
03:34:16.314,0.694,0.694,0.0,0
03:34:16.371,0.6848,0.6848,0.0,0
03:34:16.371,0.6756,0.6756,0.0,0
03:34:16.441,0.6897,0.6897,0.0,0
03:34:16.487,0.6804,0.6804,0.0,0
03:34:16.487,0.6848,0.6848,0.0,0
03:34:16.536,0.6756,0.6756,0.0,0
03:34:16.581,0.7281,0.7281,0.0,0
03:34:16.581,0.6804,0.6804,0.0,0
03:34:16.650,0.6701,0.6701,0.0,0
03:34:16.650,0.6756,0.6756,0.0,0
03:34:16.708,0.7087,0.7087,0.0,0
03:34:16.708,0.6804,0.6804,0.0,0
03:34:16.709,0.6701,0.6701,0.0,0
03:34:16.844,0.7281,0.7281,0.0,0
03:34:16.844,0.6895,0.6895,0.0,0
03:34:16.902,0.7087,0.7087,0.0,0
03:34:16.948,0.6896,0.6896,0.0,0
03:34:16.948,0.6701,0.6701,0.0,0
03:34:17.050,0.6895,0.6895,0.0,0
03:34:17.098,0.6993,0.6993,0.0,0
03:34:17.098,0.7087,0.7087,0.0,0
03:34:17.145,0.6896,0.6896,0.0,0
03:34:17.192,0.7146,0.7146,0.0,0
03:34:17.192,0.6895,0.6895,0.0,0
03:34:17.272,0.6993,0.6993,0.0,0
03:34:17.307,0.7037,0.7037,0.0,0
03:34:17.477,0.7146,0.7146,0.0,0
03:34:17.523,0.6993,0.6993,0.0,0
03:34:17.523,0.69,0.69,0.0,0
03:34:17.581,0.7037,0.7037,0.0,0
03:34:17.649,0.7146,0.7146,0.0,0
03:34:17.650,0.6758,0.6758,0.0,0
03:34:17.750,0.69,0.69,0.0,0
03:34:17.822,0.6755,0.6755,0.0,0
03:34:17.822,0.7037,0.7037,0.0,0
03:34:17.863,0.6758,0.6758,0.0,0
03:34:17.893,0.6948,0.6948,0.0,0
03:34:17.893,0.69,0.69,0.0,0
03:34:17.940,0.6755,0.6755,0.0,0
03:34:18.011,0.6948,0.6948,0.0,0
03:34:18.047,0.6755,0.6755,0.0,0
03:34:18.047,0.6856,0.6856,0.0,0
03:34:18.116,0.714,0.714,0.0,0
03:34:18.116,0.6948,0.6948,0.0,0
03:34:18.163,0.7035,0.7035,0.0,0
03:34:18.232,0.6856,0.6856,0.0,0
03:34:18.232,0.714,0.714,0.0,0
03:34:18.301,0.6895,0.6895,0.0,0
03:34:18.301,0.7035,0.7035,0.0,0
03:34:18.370,0.6847,0.6847,0.0,0
03:34:18.371,0.714,0.714,0.0,0
03:34:18.371,0.6895,0.6895,0.0,0
03:34:18.412,0.699,0.699,0.0,0
03:34:18.413,0.6847,0.6847,0.0,0
03:34:18.486,0.6804,0.6804,0.0,0
03:34:18.533,0.6895,0.6895,0.0,0
03:34:18.592,0.6992,0.6992,0.0,0
03:34:18.649,0.6847,0.6847,0.0,0
03:34:18.718,0.6804,0.6804,0.0,0
03:34:18.798,0.6804,0.6804,0.0,0
03:34:18.798,0.6992,0.6992,0.0,0
03:34:18.900,0.6992,0.6992,0.0,0
03:34:18.901,0.6803,0.6803,0.0,0
03:34:18.981,0.6895,0.6895,0.0,0
03:34:18.981,0.7134,0.7134,0.0,0
03:34:19.084,0.6945,0.6945,0.0,0
03:34:19.084,0.6899,0.6899,0.0,0
03:34:19.196,0.7134,0.7134,0.0,0
03:34:19.255,0.6945,0.6945,0.0,0
03:34:19.255,0.6803,0.6803,0.0,0
03:34:19.289,0.6997,0.6997,0.0,0
03:34:19.335,0.7134,0.7134,0.0,0
03:34:19.335,0.6997,0.6997,0.0,0
03:34:19.397,0.6896,0.6896,0.0,0
03:34:19.439,0.6945,0.6945,0.0,0
03:34:19.440,0.6896,0.6896,0.0,0
03:34:19.578,0.6997,0.6997,0.0,0
03:34:19.630,0.68,0.68,0.0,0
03:34:19.649,0.6896,0.6896,0.0,0
03:34:19.729,0.68,0.68,0.0,0
03:34:19.909,0.6898,0.6898,0.0,0
03:34:20.154,0.7229,0.7229,0.0,0
03:34:20.154,0.7229,0.7229,0.0,0
03:34:20.316,0.6664,0.6664,0.0,0
03:34:20.316,0.6664,0.6664,0.0,0
03:34:20.424,0.6943,0.6943,0.0,0
03:34:20.657,0.7136,0.7136,0.0,0
03:34:21.033,0.7039,0.7039,0.0,0
03:34:21.035,0.7039,0.7039,0.0,0
03:34:21.124,0.6895,0.6895,0.0,0
03:34:21.124,0.6895,0.6895,0.0,0
03:34:21.417,0.6704,0.6704,0.0,0
03:34:21.417,0.6704,0.6704,0.0,0
03:34:21.575,0.7135,0.7135,0.0,0
03:34:21.797,0.6896,0.6896,0.0,0
03:34:21.797,0.6896,0.6896,0.0,0
03:34:21.797,0.6896,0.6896,0.0,0
03:34:22.169,0.6806,0.6806,0.0,0
03:34:22.351,0.6993,0.6993,0.0,0
03:34:22.387,0.6989,0.6989,0.0,0
03:34:22.387,0.6989,0.6989,0.0,0
03:34:22.387,0.6989,0.6989,0.0,0
03:34:22.593,0.6655,0.6655,0.0,0
03:34:22.593,0.6655,0.6655,0.0,0
03:34:22.896,0.7045,0.7045,0.0,0
03:34:22.896,0.7045,0.7045,0.0,0
03:34:22.993,0.7039,0.7039,0.0,0
03:34:23.169,0.6993,0.6993,0.0,0
03:34:23.418,0.68,0.68,0.0,0
03:34:23.418,0.68,0.68,0.0,0
03:34:23.636,0.6943,0.6943,0.0,0
03:34:23.639,0.6943,0.6943,0.0,0
03:34:23.788,0.6894,0.6894,0.0,0
03:34:23.844,0.6894,0.6894,0.0,0
03:34:23.902,0.6946,0.6946,0.0,0
03:34:23.949,0.6946,0.6946,0.0,0
03:34:24.132,0.6847,0.6847,0.0,0
03:34:24.132,0.6847,0.6847,0.0,0
03:34:24.336,0.6895,0.6895,0.0,0
03:34:24.608,0.6707,0.6707,0.0,0
03:34:24.746,0.7089,0.7089,0.0,0
03:34:25.015,0.6852,0.6852,0.0,0
03:34:25.015,0.6852,0.6852,0.0,0
03:34:25.153,0.7137,0.7137,0.0,0
03:34:25.427,0.7089,0.7089,0.0,0
03:34:25.427,0.7089,0.7089,0.0,0
03:34:25.532,0.6889,0.6889,0.0,0
03:34:25.874,0.7083,0.7083,0.0,0
03:34:25.875,0.7083,0.7083,0.0,0
03:34:26.046,0.6944,0.6944,0.0,0
03:34:26.301,0.6806,0.6806,0.0,0
03:34:26.432,0.6899,0.6899,0.0,0
03:34:26.432,0.6899,0.6899,0.0,0
03:34:26.567,0.6946,0.6946,0.0,0
03:34:26.567,0.6946,0.6946,0.0,0
03:34:26.769,0.7084,0.7084,0.0,0
03:34:27.004,0.6945,0.6945,0.0,0
03:34:27.224,0.6848,0.6848,0.0,0
03:34:27.224,0.6848,0.6848,0.0,0
03:34:27.476,0.6756,0.6756,0.0,0
03:34:27.727,0.6849,0.6849,0.0,0
03:34:27.727,0.6849,0.6849,0.0,0
03:34:27.884,0.6898,0.6898,0.0,0
03:34:27.884,0.6898,0.6898,0.0,0
03:34:27.888,0.6898,0.6898,0.0,0
03:34:28.131,0.6943,0.6943,0.0,0
03:34:28.294,0.6753,0.6753,0.0,0
03:34:28.294,0.6753,0.6753,0.0,0
03:34:28.294,0.6753,0.6753,0.0,0
03:34:28.399,0.6755,0.6755,0.0,0
03:34:28.399,0.6755,0.6755,0.0,0
03:34:28.745,0.7043,0.7043,0.0,0
03:34:28.745,0.7043,0.7043,0.0,0
03:34:28.916,0.6798,0.6798,0.0,0
03:34:29.014,0.6845,0.6845,0.0,0
03:34:29.016,0.6845,0.6845,0.0,0
03:34:29.497,0.69,0.69,0.0,0
03:34:29.610,0.6997,0.6997,0.0,0
03:34:29.740,0.6606,0.6606,0.0,0
03:34:29.742,0.6606,0.6606,0.0,0
03:34:29.892,0.7044,0.7044,0.0,0
03:34:29.973,0.7044,0.7044,0.0,0
03:34:30.155,0.7134,0.7134,0.0,0
03:34:30.275,0.6753,0.6753,0.0,0
03:34:30.482,0.6988,0.6988,0.0,0
03:34:30.683,0.6846,0.6846,0.0,0
03:34:30.892,0.6988,0.6988,0.0,0
03:34:31.095,0.6893,0.6893,0.0,0
03:34:31.298,0.709,0.709,0.0,0
03:34:31.504,0.6753,0.6753,0.0,0
03:34:31.504,0.6753,0.6753,0.0,0
03:34:31.776,0.6993,0.6993,0.0,0
03:34:31.913,0.6996,0.6996,0.0,0
03:34:31.913,0.6996,0.6996,0.0,0
03:34:32.119,0.6845,0.6845,0.0,0
03:34:32.119,0.6845,0.6845,0.0,0
03:34:32.119,0.6845,0.6845,0.0,0
03:34:32.324,0.6949,0.6949,0.0,0
03:34:32.531,0.6894,0.6894,0.0,0
03:34:32.832,0.6756,0.6756,0.0,0
03:34:33.081,0.6992,0.6992,0.0,0
03:34:33.182,0.6944,0.6944,0.0,0
03:34:33.182,0.6944,0.6944,0.0,0
03:34:33.412,0.67,0.67,0.0,0
03:34:33.420,0.67,0.67,0.0,0
03:34:33.585,0.6996,0.6996,0.0,0
03:34:33.859,0.7089,0.7089,0.0,0
03:34:33.859,0.7089,0.7089,0.0,0
03:34:33.974,0.704,0.704,0.0,0
03:34:33.975,0.704,0.704,0.0,0
03:34:34.177,0.69,0.69,0.0,0
03:34:34.201,0.69,0.69,0.0,0
03:34:34.370,0.6942,0.6942,0.0,0
03:34:34.370,0.6942,0.6942,0.0,0
03:34:34.577,0.6703,0.6703,0.0,0
03:34:34.577,0.6703,0.6703,0.0,0
03:34:34.779,0.6895,0.6895,0.0,0
03:34:34.780,0.6895,0.6895,0.0,0
03:34:35.054,0.68,0.68,0.0,0
03:34:35.054,0.68,0.68,0.0,0
03:34:35.054,0.68,0.68,0.0,0
03:34:35.297,0.6797,0.6797,0.0,0
03:34:35.297,0.6797,0.6797,0.0,0
03:34:35.422,0.6987,0.6987,0.0,0
03:34:35.491,0.6987,0.6987,0.0,0
03:34:35.667,0.7041,0.7041,0.0,0
03:34:35.667,0.7041,0.7041,0.0,0
03:34:35.821,0.6854,0.6854,0.0,0
03:34:35.868,0.6854,0.6854,0.0,0
03:34:36.028,0.709,0.709,0.0,0
03:34:36.215,0.6806,0.6806,0.0,0
03:34:36.487,0.6986,0.6986,0.0,0
03:34:36.735,0.7041,0.7041,0.0,0
03:34:36.735,0.7041,0.7041,0.0,0
03:34:36.998,0.6706,0.6706,0.0,0
03:34:36.999,0.6706,0.6706,0.0,0
03:34:37.243,0.6847,0.6847,0.0,0
03:34:37.243,0.6847,0.6847,0.0,0
03:34:37.325,0.7088,0.7088,0.0,0
03:34:37.325,0.7088,0.7088,0.0,0
03:34:37.361,0.7088,0.7088,0.0,0
03:34:37.449,0.6896,0.6896,0.0,0
03:34:37.543,0.6896,0.6896,0.0,0
03:34:37.449,0.6896,0.6896,0.0,0
03:34:37.670,0.6942,0.6942,0.0,0
03:34:37.915,0.7182,0.7182,0.0,0
03:34:38.137,0.6705,0.6705,0.0,0
03:34:38.264,0.699,0.699,0.0,0
03:34:38.264,0.699,0.699,0.0,0
03:34:38.467,0.6937,0.6937,0.0,0
03:34:38.673,0.6608,0.6608,0.0,0
03:34:38.878,0.6848,0.6848,0.0,0
03:34:38.878,0.6848,0.6848,0.0,0
03:34:39.083,0.6993,0.6993,0.0,0
03:34:39.083,0.6993,0.6993,0.0,0
03:34:39.287,0.6796,0.6796,0.0,0
03:34:39.287,0.6796,0.6796,0.0,0
03:34:39.494,0.7087,0.7087,0.0,0
03:34:39.495,0.7087,0.7087,0.0,0
03:34:39.697,0.7091,0.7091,0.0,0
03:34:39.901,0.6945,0.6945,0.0,0
03:34:39.901,0.6945,0.6945,0.0,0
03:34:40.109,0.7045,0.7045,0.0,0
03:34:40.364,0.6947,0.6947,0.0,0
03:34:40.364,0.6947,0.6947,0.0,0
03:34:40.518,0.6899,0.6899,0.0,0
03:34:40.541,0.6899,0.6899,0.0,0
03:34:40.726,0.6948,0.6948,0.0,0
03:34:40.931,0.6896,0.6896,0.0,0
03:34:41.137,0.6848,0.6848,0.0,0
03:34:41.137,0.6848,0.6848,0.0,0
03:34:41.347,0.7279,0.7279,0.0,0
03:34:41.347,0.7279,0.7279,0.0,0
03:34:41.553,0.6943,0.6943,0.0,0
03:34:41.553,0.6943,0.6943,0.0,0
03:34:41.759,0.6748,0.6748,0.0,0
03:34:41.967,0.6942,0.6942,0.0,0
03:34:42.202,0.7039,0.7039,0.0,0
03:34:42.203,0.7039,0.7039,0.0,0
03:34:42.416,0.6704,0.6704,0.0,0
03:34:42.613,0.704,0.704,0.0,0
03:34:42.613,0.704,0.704,0.0,0
03:34:42.820,0.6989,0.6989,0.0,0
03:34:43.025,0.7132,0.7132,0.0,0
03:34:43.025,0.7132,0.7132,0.0,0
03:34:43.347,0.7089,0.7089,0.0,0
03:34:43.435,0.6893,0.6893,0.0,0
03:34:43.640,0.6751,0.6751,0.0,0
03:34:43.846,0.6944,0.6944,0.0,0
03:34:43.846,0.6944,0.6944,0.0,0
03:34:44.049,0.6899,0.6899,0.0,0
03:34:44.049,0.6899,0.6899,0.0,0
03:34:44.065,0.6899,0.6899,0.0,0
03:34:44.254,0.6984,0.6984,0.0,0
03:34:44.457,0.6946,0.6946,0.0,0
03:34:44.458,0.6946,0.6946,0.0,0
03:34:44.664,0.7035,0.7035,0.0,0
03:34:44.940,0.675,0.675,0.0,0
03:34:45.075,0.6804,0.6804,0.0,0
03:34:45.075,0.6804,0.6804,0.0,0
03:34:45.276,0.7182,0.7182,0.0,0
03:34:45.480,0.6705,0.6705,0.0,0
03:34:45.715,0.6949,0.6949,0.0,0
03:34:45.907,0.6846,0.6846,0.0,0
03:34:45.909,0.6846,0.6846,0.0,0
03:34:45.909,0.6846,0.6846,0.0,0
03:34:46.140,0.6609,0.6609,0.0,0
03:34:46.310,0.6993,0.6993,0.0,0
03:34:46.310,0.6993,0.6993,0.0,0
03:34:46.538,0.7134,0.7134,0.0,0
03:34:46.727,0.6944,0.6944,0.0,0
03:34:46.933,0.7038,0.7038,0.0,0
03:34:46.933,0.7038,0.7038,0.0,0
03:34:47.169,0.709,0.709,0.0,0
03:34:47.169,0.709,0.709,0.0,0
03:34:47.484,0.6843,0.6843,0.0,0
03:34:47.649,0.6993,0.6993,0.0,0
03:34:47.648,0.6993,0.6993,0.0,0
03:34:47.754,0.7043,0.7043,0.0,0
03:34:47.992,0.685,0.685,0.0,0
03:34:48.204,0.7139,0.7139,0.0,0
03:34:48.470,0.6898,0.6898,0.0,0
03:34:48.710,0.6993,0.6993,0.0,0
03:34:48.784,0.6992,0.6992,0.0,0
03:34:48.784,0.6992,0.6992,0.0,0
03:34:49.017,0.6799,0.6799,0.0,0
03:34:49.225,0.6708,0.6708,0.0,0
03:34:49.225,0.6708,0.6708,0.0,0
03:34:49.492,0.6903,0.6903,0.0,0
03:34:49.492,0.6903,0.6903,0.0,0
03:34:49.631,0.6848,0.6848,0.0,0
03:34:49.632,0.6848,0.6848,0.0,0
03:34:49.632,0.6848,0.6848,0.0,0
03:34:49.838,0.6803,0.6803,0.0,0
03:34:49.838,0.6803,0.6803,0.0,0
03:34:50.107,0.6899,0.6899,0.0,0
03:34:50.107,0.6899,0.6899,0.0,0
03:34:50.108,0.6899,0.6899,0.0,0
03:34:50.354,0.7085,0.7085,0.0,0
03:34:50.354,0.7085,0.7085,0.0,0
03:34:50.354,0.7085,0.7085,0.0,0
03:34:50.518,0.6659,0.6659,0.0,0
03:34:50.519,0.6659,0.6659,0.0,0
03:34:50.621,0.6851,0.6851,0.0,0
03:34:50.623,0.6851,0.6851,0.0,0
03:34:50.621,0.6851,0.6851,0.0,0
03:34:50.858,0.6943,0.6943,0.0,0
03:34:50.858,0.6943,0.6943,0.0,0
03:34:50.858,0.6943,0.6943,0.0,0
03:34:51.061,0.6846,0.6846,0.0,0
03:34:51.373,0.7041,0.7041,0.0,0
03:34:51.473,0.704,0.704,0.0,0
03:34:51.473,0.704,0.704,0.0,0
03:34:51.676,0.6803,0.6803,0.0,0
03:34:51.676,0.6803,0.6803,0.0,0
03:34:51.981,0.6946,0.6946,0.0,0
03:34:51.981,0.6946,0.6946,0.0,0
03:34:52.155,0.6799,0.6799,0.0,0
03:34:52.156,0.6799,0.6799,0.0,0
03:34:52.289,0.6896,0.6896,0.0,0
03:34:52.498,0.6896,0.6896,0.0,0
03:34:52.768,0.6893,0.6893,0.0,0
03:34:53.012,0.6707,0.6707,0.0,0
03:34:53.012,0.6707,0.6707,0.0,0
03:34:53.111,0.7034,0.7034,0.0,0
03:34:53.111,0.7034,0.7034,0.0,0
03:34:53.316,0.6847,0.6847,0.0,0
03:34:53.523,0.675,0.675,0.0,0
03:34:53.726,0.7177,0.7177,0.0,0
03:34:53.726,0.7177,0.7177,0.0,0
03:34:53.930,0.7179,0.7179,0.0,0
03:34:53.930,0.7179,0.7179,0.0,0
03:34:54.143,0.6751,0.6751,0.0,0
03:34:54.339,0.6941,0.6941,0.0,0
03:34:54.340,0.6941,0.6941,0.0,0
03:34:54.614,0.6988,0.6988,0.0,0
03:34:54.614,0.6988,0.6988,0.0,0
03:34:54.765,0.6946,0.6946,0.0,0
03:34:54.765,0.6946,0.6946,0.0,0
03:34:55.063,0.699,0.699,0.0,0
03:34:55.160,0.6846,0.6846,0.0,0
03:34:55.160,0.6846,0.6846,0.0,0
03:34:55.362,0.6846,0.6846,0.0,0
03:34:55.567,0.6898,0.6898,0.0,0
03:34:55.840,0.685,0.685,0.0,0
03:34:55.843,0.685,0.685,0.0,0
03:34:56.047,0.6989,0.6989,0.0,0
03:34:56.047,0.6989,0.6989,0.0,0
03:34:56.294,0.7039,0.7039,0.0,0
03:34:56.294,0.7039,0.7039,0.0,0
03:34:56.462,0.6898,0.6898,0.0,0
03:34:56.462,0.6898,0.6898,0.0,0
03:34:56.463,0.6898,0.6898,0.0,0
03:34:56.594,0.7093,0.7093,0.0,0
03:34:56.594,0.7093,0.7093,0.0,0
03:34:56.795,0.6989,0.6989,0.0,0
03:34:57.101,0.6896,0.6896,0.0,0
03:34:57.103,0.6896,0.6896,0.0,0
03:34:57.315,0.6946,0.6946,0.0,0
03:34:57.477,0.6997,0.6997,0.0,0
03:34:57.617,0.6844,0.6844,0.0,0
03:34:57.617,0.6844,0.6844,0.0,0
03:34:57.886,0.714,0.714,0.0,0
03:34:57.886,0.714,0.714,0.0,0
03:34:58.125,0.6845,0.6845,0.0,0
03:34:58.125,0.6845,0.6845,0.0,0
03:34:58.125,0.6845,0.6845,0.0,0
03:34:58.331,0.6945,0.6945,0.0,0
03:34:58.331,0.6945,0.6945,0.0,0
03:34:58.503,0.6995,0.6995,0.0,0
03:34:58.503,0.6995,0.6995,0.0,0
03:34:58.503,0.6995,0.6995,0.0,0
03:34:58.608,0.6848,0.6848,0.0,0
03:34:58.608,0.6848,0.6848,0.0,0
03:34:58.813,0.6941,0.6941,0.0,0
03:34:58.813,0.6941,0.6941,0.0,0
03:34:59.158,0.6988,0.6988,0.0,0
03:34:59.223,0.6848,0.6848,0.0,0
03:34:59.462,0.675,0.675,0.0,0
03:34:59.731,0.6703,0.6703,0.0,0
03:34:59.839,0.6893,0.6893,0.0,0
03:34:59.839,0.6893,0.6893,0.0,0
03:35:00.075,0.7037,0.7037,0.0,0
03:35:00.279,0.6844,0.6844,0.0,0
03:35:00.279,0.6844,0.6844,0.0,0
03:35:00.485,0.6897,0.6897,0.0,0
03:35:00.485,0.6897,0.6897,0.0,0
03:35:00.485,0.6897,0.6897,0.0,0
03:35:00.753,0.7086,0.7086,0.0,0
03:35:00.898,0.6799,0.6799,0.0,0
03:35:00.898,0.6799,0.6799,0.0,0
03:35:01.098,0.6842,0.6842,0.0,0
03:35:01.098,0.6842,0.6842,0.0,0
03:35:01.368,0.6998,0.6998,0.0,0
03:35:01.508,0.6706,0.6706,0.0,0
03:35:01.508,0.6706,0.6706,0.0,0
03:35:01.713,0.6938,0.6938,0.0,0
03:35:01.713,0.6938,0.6938,0.0,0
03:35:01.915,0.6803,0.6803,0.0,0
03:35:02.188,0.7086,0.7086,0.0,0
03:35:02.189,0.7086,0.7086,0.0,0
03:35:02.327,0.6758,0.6758,0.0,0
03:35:02.602,0.7183,0.7183,0.0,0
03:35:02.735,0.6986,0.6986,0.0,0
03:35:02.735,0.6986,0.6986,0.0,0
03:35:02.940,0.6709,0.6709,0.0,0
03:35:02.940,0.6709,0.6709,0.0,0
03:35:02.940,0.6709,0.6709,0.0,0
03:35:03.211,0.704,0.704,0.0,0
03:35:03.355,0.6944,0.6944,0.0,0
03:35:03.623,0.6846,0.6846,0.0,0
03:35:03.623,0.6846,0.6846,0.0,0
03:35:03.624,0.6846,0.6846,0.0,0
03:35:03.829,0.7041,0.7041,0.0,0
03:35:03.829,0.7041,0.7041,0.0,0
03:35:03.968,0.6847,0.6847,0.0,0
03:35:04.238,0.685,0.685,0.0,0
03:35:04.239,0.685,0.685,0.0,0
03:35:04.446,0.6846,0.6846,0.0,0
03:35:04.684,0.6849,0.6849,0.0,0
03:35:04.684,0.6849,0.6849,0.0,0
03:35:04.684,0.6849,0.6849,0.0,0
03:35:04.791,0.6802,0.6802,0.0,0
03:35:05.082,0.6894,0.6894,0.0,0
03:35:05.322,0.6704,0.6704,0.0,0
03:35:05.322,0.6704,0.6704,0.0,0
03:35:05.502,0.6946,0.6946,0.0,0
03:35:05.502,0.6946,0.6946,0.0,0
03:35:05.502,0.6946,0.6946,0.0,0
03:35:05.577,0.6851,0.6851,0.0,0
03:35:05.577,0.6851,0.6851,0.0,0
03:35:05.875,0.6845,0.6845,0.0,0
03:35:05.875,0.6845,0.6845,0.0,0
03:35:06.042,0.6895,0.6895,0.0,0
03:35:06.042,0.6895,0.6895,0.0,0
03:35:06.221,0.7039,0.7039,0.0,0
03:35:06.221,0.7039,0.7039,0.0,0
03:35:06.498,0.6946,0.6946,0.0,0
03:35:06.498,0.6946,0.6946,0.0,0
03:35:06.769,0.7232,0.7232,0.0,0
03:35:06.769,0.7232,0.7232,0.0,0
03:35:06.998,0.7089,0.7089,0.0,0
03:35:06.998,0.7089,0.7089,0.0,0
03:35:07.178,0.6947,0.6947,0.0,0
03:35:07.446,0.6993,0.6993,0.0,0
03:35:07.446,0.6993,0.6993,0.0,0
03:35:07.590,0.6756,0.6756,0.0,0
03:35:07.590,0.6756,0.6756,0.0,0
03:35:07.851,0.6851,0.6851,0.0,0
03:35:07.851,0.6851,0.6851,0.0,0
03:35:07.999,0.6756,0.6756,0.0,0
03:35:08.124,0.6943,0.6943,0.0,0
03:35:08.376,0.6847,0.6847,0.0,0
03:35:08.376,0.6847,0.6847,0.0,0
03:35:08.625,0.6942,0.6942,0.0,0
03:35:08.699,0.6942,0.6942,0.0,0
03:35:08.821,0.6806,0.6806,0.0,0
03:35:08.821,0.6806,0.6806,0.0,0
03:35:09.144,0.6852,0.6852,0.0,0
03:35:09.287,0.7085,0.7085,0.0,0
03:35:09.287,0.7085,0.7085,0.0,0
03:35:09.537,0.666,0.666,0.0,0
03:35:09.690,0.6754,0.6754,0.0,0
03:35:09.690,0.6754,0.6754,0.0,0
03:35:09.757,0.6947,0.6947,0.0,0
03:35:09.757,0.6947,0.6947,0.0,0
03:35:09.915,0.6944,0.6944,0.0,0
03:35:10.115,0.6997,0.6997,0.0,0
03:35:10.387,0.7181,0.7181,0.0,0
03:35:10.590,0.68,0.68,0.0,0
03:35:10.821,0.6944,0.6944,0.0,0
03:35:11.189,0.7137,0.7137,0.0,0
03:35:11.189,0.7137,0.7137,0.0,0
03:35:11.275,0.6848,0.6848,0.0,0
03:35:11.275,0.6848,0.6848,0.0,0
03:35:11.465,0.6988,0.6988,0.0,0
03:35:11.465,0.6988,0.6988,0.0,0
03:35:11.593,0.6995,0.6995,0.0,0
03:35:11.593,0.6995,0.6995,0.0,0
03:35:11.857,0.666,0.666,0.0,0
03:35:12.019,0.6991,0.6991,0.0,0
03:35:12.019,0.6991,0.6991,0.0,0
03:35:12.119,0.6898,0.6898,0.0,0
03:35:12.119,0.6898,0.6898,0.0,0
03:35:12.144,0.6898,0.6898,0.0,0
03:35:12.328,0.6854,0.6854,0.0,0
03:35:12.328,0.6854,0.6854,0.0,0
03:35:12.567,0.7041,0.7041,0.0,0
03:35:12.776,0.6944,0.6944,0.0,0
03:35:13.045,0.6897,0.6897,0.0,0
03:35:13.205,0.7093,0.7093,0.0,0
03:35:13.206,0.7093,0.7093,0.0,0
03:35:13.451,0.6799,0.6799,0.0,0
03:35:13.593,0.6992,0.6992,0.0,0
03:35:13.593,0.6992,0.6992,0.0,0
03:35:13.797,0.6994,0.6994,0.0,0
03:35:14.002,0.6942,0.6942,0.0,0
03:35:14.206,0.661,0.661,0.0,0
03:35:14.475,0.7035,0.7035,0.0,0
03:35:14.475,0.7035,0.7035,0.0,0
03:35:14.680,0.695,0.695,0.0,0
03:35:14.820,0.6561,0.6561,0.0,0
03:35:15.093,0.6992,0.6992,0.0,0
03:35:15.299,0.6798,0.6798,0.0,0
03:35:15.543,0.6941,0.6941,0.0,0
03:35:15.706,0.7041,0.7041,0.0,0
03:35:15.810,0.694,0.694,0.0,0
03:35:16.045,0.6899,0.6899,0.0,0
03:35:16.358,0.6942,0.6942,0.0,0
03:35:16.457,0.6948,0.6948,0.0,0
03:35:16.728,0.7184,0.7184,0.0,0
03:35:16.933,0.68,0.68,0.0,0
03:35:17.139,0.6802,0.6802,0.0,0
03:35:17.241,0.69,0.69,0.0,0
03:35:17.482,0.6949,0.6949,0.0,0
03:35:17.482,0.6949,0.6949,0.0,0
03:35:17.655,0.6654,0.6654,0.0,0
03:35:17.895,0.6849,0.6849,0.0,0
03:35:18.164,0.6852,0.6852,0.0,0
03:35:18.410,0.6849,0.6849,0.0,0
03:35:18.572,0.7088,0.7088,0.0,0
03:35:18.678,0.6898,0.6898,0.0,0
03:35:18.916,0.6708,0.6708,0.0,0
03:35:19.191,0.6945,0.6945,0.0,0
03:35:19.432,0.7087,0.7087,0.0,0
03:35:19.496,0.6656,0.6656,0.0,0
03:35:19.733,0.6987,0.6987,0.0,0
03:35:20.044,0.6804,0.6804,0.0,0
03:35:20.044,0.6804,0.6804,0.0,0
03:35:20.236,0.6801,0.6801,0.0,0
03:35:20.416,0.6801,0.6801,0.0,0
03:35:20.530,0.6852,0.6852,0.0,0
03:35:20.643,0.6852,0.6852,0.0,0
03:35:20.643,0.6848,0.6848,0.0,0
03:35:20.777,0.6848,0.6848,0.0,0
03:35:20.904,0.6802,0.6802,0.0,0
03:35:21.040,0.6802,0.6802,0.0,0
03:35:21.040,0.6894,0.6894,0.0,0
03:35:21.175,0.6894,0.6894,0.0,0
03:35:21.176,0.6894,0.6894,0.0,0
03:35:21.344,0.6794,0.6794,0.0,0
03:35:21.470,0.6794,0.6794,0.0,0
03:35:21.593,0.675,0.675,0.0,0
03:35:21.593,0.675,0.675,0.0,0
03:35:21.663,0.675,0.675,0.0,0
03:35:21.798,0.6893,0.6893,0.0,0
03:35:21.798,0.6893,0.6893,0.0,0
03:35:21.890,0.6893,0.6893,0.0,0
03:35:22.014,0.6945,0.6945,0.0,0
03:35:22.014,0.6945,0.6945,0.0,0
03:35:22.117,0.6945,0.6945,0.0,0
03:35:22.208,0.6839,0.6839,0.0,0
03:35:22.288,0.6839,0.6839,0.0,0
03:35:22.480,0.694,0.694,0.0,0
03:35:22.571,0.694,0.694,0.0,0
03:35:22.685,0.6704,0.6704,0.0,0
03:35:22.754,0.6704,0.6704,0.0,0
03:35:22.834,0.704,0.704,0.0,0
03:35:22.925,0.704,0.704,0.0,0
03:35:23.005,0.6989,0.6989,0.0,0
03:35:23.006,0.6989,0.6989,0.0,0
03:35:23.074,0.6989,0.6989,0.0,0
03:35:23.154,0.7038,0.7038,0.0,0
03:35:23.224,0.7038,0.7038,0.0,0
03:35:23.315,0.676,0.676,0.0,0
03:35:23.406,0.676,0.676,0.0,0
03:35:23.497,0.7037,0.7037,0.0,0
03:35:23.567,0.7037,0.7037,0.0,0
03:35:23.746,0.6798,0.6798,0.0,0
03:35:23.926,0.67,0.67,0.0,0
03:35:23.926,0.67,0.67,0.0,0
03:35:24.107,0.6749,0.6749,0.0,0
03:35:24.107,0.6749,0.6749,0.0,0
03:35:24.107,0.6749,0.6749,0.0,0
03:35:24.398,0.6995,0.6995,0.0,0
03:35:24.398,0.6995,0.6995,0.0,0
03:35:24.518,0.6755,0.6755,0.0,0
03:35:24.518,0.6755,0.6755,0.0,0
03:35:24.760,0.6751,0.6751,0.0,0
03:35:24.760,0.6751,0.6751,0.0,0
03:35:24.855,0.679,0.679,0.0,0
03:35:24.945,0.679,0.679,0.0,0
03:35:25.249,0.6999,0.6999,0.0,0
03:35:25.249,0.6999,0.6999,0.0,0
03:35:25.249,0.6999,0.6999,0.0,0
03:35:25.352,0.7127,0.7127,0.0,0
03:35:25.411,0.7127,0.7127,0.0,0
03:35:25.411,0.7127,0.7127,0.0,0
03:35:25.502,0.6893,0.6893,0.0,0
03:35:25.527,0.6893,0.6893,0.0,0
03:35:25.527,0.6893,0.6893,0.0,0
03:35:25.742,0.6996,0.6996,0.0,0
03:35:25.991,0.6849,0.6849,0.0,0
03:35:25.991,0.6849,0.6849,0.0,0
03:35:26.161,0.6707,0.6707,0.0,0
03:35:26.161,0.6707,0.6707,0.0,0
03:35:26.371,0.694,0.694,0.0,0
03:35:26.373,0.694,0.694,0.0,0
03:35:26.549,0.6743,0.6743,0.0,0
03:35:26.549,0.6743,0.6743,0.0,0
03:35:26.665,0.704,0.704,0.0,0
03:35:26.665,0.704,0.704,0.0,0
03:35:26.871,0.6995,0.6995,0.0,0
03:35:26.871,0.6995,0.6995,0.0,0
03:35:27.109,0.6995,0.6995,0.0,0
03:35:27.109,0.6995,0.6995,0.0,0
03:35:27.377,0.7085,0.7085,0.0,0
03:35:27.380,0.7085,0.7085,0.0,0
03:35:27.622,0.6947,0.6947,0.0,0
03:35:27.693,0.6947,0.6947,0.0,0
03:35:27.750,0.6899,0.6899,0.0,0
03:35:27.804,0.6899,0.6899,0.0,0
03:35:28.041,0.6894,0.6894,0.0,0
03:35:28.041,0.6894,0.6894,0.0,0
03:35:28.136,0.6848,0.6848,0.0,0
03:35:28.136,0.6848,0.6848,0.0,0
03:35:28.337,0.6844,0.6844,0.0,0
03:35:28.338,0.6844,0.6844,0.0,0
03:35:28.670,0.6706,0.6706,0.0,0
03:35:28.670,0.6706,0.6706,0.0,0
03:35:28.855,0.6993,0.6993,0.0,0
03:35:28.873,0.6993,0.6993,0.0,0
03:35:28.951,0.7084,0.7084,0.0,0
03:35:29.002,0.7084,0.7084,0.0,0
03:35:29.002,0.7084,0.7084,0.0,0
03:35:29.262,0.7093,0.7093,0.0,0
03:35:29.438,0.685,0.685,0.0,0
03:35:29.707,0.6898,0.6898,0.0,0
03:35:29.707,0.6898,0.6898,0.0,0
03:35:29.847,0.7037,0.7037,0.0,0
03:35:29.857,0.7037,0.7037,0.0,0
03:35:29.947,0.699,0.699,0.0,0
03:35:29.947,0.699,0.699,0.0,0
03:35:29.996,0.699,0.699,0.0,0
03:35:30.168,0.6844,0.6844,0.0,0
03:35:30.383,0.6849,0.6849,0.0,0
03:35:30.696,0.7135,0.7135,0.0,0
03:35:30.858,0.6895,0.6895,0.0,0
03:35:30.859,0.6895,0.6895,0.0,0
03:35:30.965,0.7133,0.7133,0.0,0
03:35:30.965,0.7133,0.7133,0.0,0
03:35:31.205,0.6945,0.6945,0.0,0
03:36:37.568,0.7286,0.7286,0.0,0
03:36:37.568,0.7286,0.7286,0.0,0
03:36:37.868,0.7142,0.7142,0.0,0
03:36:37.868,0.7142,0.7142,0.0,0
03:36:37.969,0.6902,0.6902,0.0,0
03:36:38.016,0.6902,0.6902,0.0,0
03:36:38.016,0.6902,0.6902,0.0,0
03:36:38.273,0.6952,0.6952,0.0,0
03:36:38.483,0.6953,0.6953,0.0,0
03:36:38.483,0.6953,0.6953,0.0,0
03:36:38.649,0.6855,0.6855,0.0,0
03:36:38.686,0.6855,0.6855,0.0,0
03:36:38.788,0.6948,0.6948,0.0,0
03:36:38.788,0.6948,0.6948,0.0,0
03:36:38.873,0.6948,0.6948,0.0,0
03:36:38.993,0.6901,0.6901,0.0,0
03:36:39.198,0.6755,0.6755,0.0,0
03:36:39.198,0.6755,0.6755,0.0,0
03:36:39.467,0.7091,0.7091,0.0,0
03:36:39.670,6.6761,6.6761,0.0,0
03:36:39.715,6.6761,6.6761,0.0,0
03:36:39.874,0.6489,0.6489,0.0,0
03:36:40.058,1.074,1.074,0.0,0
03:36:40.058,1.074,1.074,0.0,0
03:36:40.708,0.6874,0.6874,0.0,0
03:36:40.708,0.6874,0.6874,0.0,0
03:36:40.817,0.2448,0.2448,0.0,0
03:36:40.885,0.2448,0.2448,0.0,0
03:36:40.954,0.7255,0.7255,0.0,0
03:36:41.030,0.7255,0.7255,0.0,0
03:36:41.081,0.8889,0.8889,0.0,0
03:36:41.151,0.8889,0.8889,0.0,0
03:36:41.151,0.8889,0.8889,0.0,0
03:36:41.433,0.7025,0.7025,0.0,0
03:36:41.433,0.7025,0.7025,0.0,0
03:36:42.015,1.2794,1.2794,0.0,0
03:36:42.106,0.6583,0.6583,0.0,0
03:36:42.160,0.756,0.756,0.0,0
03:36:42.228,0.6797,0.6797,0.0,0
03:36:42.228,0.6797,0.6797,0.0,0
03:36:42.229,0.6797,0.6797,0.0,0
03:36:44.215,0.7723,0.7723,0.0,0
03:36:44.215,0.7723,0.7723,0.0,0
03:36:44.472,0.6881,0.6881,0.0,0
03:36:44.472,0.6881,0.6881,0.0,0
03:36:44.529,0.6893,0.6893,0.0,0
03:36:44.554,0.6893,0.6893,0.0,0
03:36:44.579,0.6748,0.6748,0.0,0
03:36:44.579,0.6748,0.6748,0.0,0
03:36:44.615,0.6748,0.6748,0.0,0
03:36:44.639,1.8303,1.8303,0.0,0
03:36:44.639,1.8303,1.8303,0.0,0
03:36:44.686,1.8303,1.8303,0.0,0
03:36:44.722,0.8495,0.8495,0.0,0
03:36:44.722,0.8495,0.8495,0.0,0
03:36:44.806,0.8495,0.8495,0.0,0
03:36:44.827,0.7118,0.7118,0.0,0
03:36:44.900,0.7118,0.7118,0.0,0
03:36:44.988,0.6923,0.6923,0.0,0
03:36:45.034,0.6923,0.6923,0.0,0
03:36:45.081,1.2762,1.2762,0.0,0
03:36:45.081,1.2762,1.2762,0.0,0
03:36:45.172,1.2762,1.2762,0.0,0
03:36:45.219,0.384,0.384,0.0,0
03:36:45.299,0.384,0.384,0.0,0
03:36:45.346,0.6826,0.6826,0.0,0
03:36:45.393,0.6826,0.6826,0.0,0
03:36:45.473,0.7013,0.7013,0.0,0
03:36:45.586,0.7013,0.7013,0.0,0
03:36:45.645,0.5042,0.5042,0.0,0
03:36:45.714,0.5042,0.5042,0.0,0
03:36:45.861,1.6919,1.6919,0.0,0
03:36:45.941,1.6919,1.6919,0.0,0
03:36:46.233,0.7054,0.7054,0.0,0
03:36:46.233,0.7054,0.7054,0.0,0
03:36:46.314,0.7194,0.7194,0.0,0
03:36:46.384,0.7194,0.7194,0.0,0
03:36:46.430,0.6178,0.6178,0.0,0
03:36:46.384,0.7194,0.7194,0.0,0
03:36:46.500,0.6178,0.6178,0.0,0
03:36:46.591,0.2675,0.2675,0.0,0
03:36:46.591,0.6178,0.6178,0.0,0
03:36:46.649,0.2675,0.2675,0.0,0
03:36:46.730,0.6884,0.6884,0.0,0
03:36:46.820,0.2675,0.2675,0.0,0
03:36:46.923,0.6884,0.6884,0.0,0
03:36:46.923,0.7027,0.7027,0.0,0
03:36:47.025,0.6884,0.6884,0.0,0
03:36:47.083,0.7027,0.7027,0.0,0
03:36:47.142,0.7027,0.7027,0.0,0
03:36:47.210,1.0441,1.0441,0.0,0
03:36:47.280,0.5935,0.5935,0.0,0
03:36:47.280,0.5935,0.5935,0.0,0
03:36:47.348,0.6889,0.6889,0.0,0
03:36:47.406,1.0441,1.0441,0.0,0
03:36:47.475,1.0441,1.0441,0.0,0
03:36:47.578,0.6889,0.6889,0.0,0
03:36:47.578,0.6889,0.6889,0.0,0
03:36:47.616,2.3518,2.3518,0.0,0
03:36:47.680,2.3518,2.3518,0.0,0
03:36:47.818,0.5852,0.5852,0.0,0
03:36:47.888,0.5852,0.5852,0.0,0
03:36:47.888,0.5852,0.5852,0.0,0
03:36:47.968,0.6522,0.6522,0.0,0
03:36:48.037,0.6522,0.6522,0.0,0
03:36:48.129,0.6998,0.6998,0.0,0
03:36:48.208,0.6998,0.6998,0.0,0
03:36:48.289,0.6998,0.6998,0.0,0
03:36:48.289,0.6801,0.6801,0.0,0
03:36:48.369,0.6801,0.6801,0.0,0
03:36:48.415,0.6801,0.6801,0.0,0
03:36:48.468,0.786,0.786,0.0,0
03:36:48.532,0.786,0.786,0.0,0
03:36:48.590,1.3445,1.3445,0.0,0
03:36:48.637,0.6831,0.6831,0.0,0
03:36:48.661,0.6831,0.6831,0.0,0
03:36:48.719,0.6831,0.6831,0.0,0
03:36:48.777,0.6965,0.6965,0.0,0
03:36:48.873,0.7323,0.7323,0.0,0
03:36:48.914,0.7323,0.7323,0.0,0
03:36:48.949,0.7323,0.7323,0.0,0
03:36:48.974,1.185,1.185,0.0,0
03:36:49.021,1.185,1.185,0.0,0
03:36:49.136,0.6773,0.6773,0.0,0
03:36:49.360,0.6954,0.6954,0.0,0
03:36:49.541,0.559,0.559,0.0,0
03:36:49.614,0.559,0.559,0.0,0
03:36:49.727,0.1079,0.1079,0.0,0
03:36:49.727,0.1079,0.1079,0.0,0
03:36:49.954,0.6767,0.6767,0.0,0
03:36:49.954,0.6767,0.6767,0.0,0
03:36:50.131,4.4918,4.4918,0.0,0
03:36:50.131,4.4918,4.4918,0.0,0
03:36:50.245,0.4004,0.4004,0.0,0
03:36:50.245,0.4004,0.4004,0.0,0
03:36:50.890,0.1112,0.1112,0.0,0
03:36:50.890,0.1112,0.1112,0.0,0
03:36:51.070,0.6583,0.6583,0.0,0
03:36:51.070,0.6583,0.6583,0.0,0
03:36:51.219,23.2191,23.2191,0.0,0
03:36:51.288,23.2191,23.2191,0.0,0
03:36:51.369,0.5695,0.5695,0.0,0
03:36:51.461,0.5695,0.5695,0.0,0
03:36:51.540,0.7262,0.7262,0.0,0
03:36:51.645,0.7262,0.7262,0.0,0
03:36:51.645,0.7262,0.7262,0.0,0
03:36:51.734,0.6642,0.6642,0.0,0
03:36:51.814,0.6642,0.6642,0.0,0
03:36:51.814,0.6642,0.6642,0.0,0
03:36:51.884,0.0736,0.0736,0.0,0
03:36:51.941,0.0736,0.0736,0.0,0
03:36:52.000,0.0736,0.0736,0.0,0
03:36:52.130,0.6165,0.6165,0.0,0
03:36:52.159,0.6165,0.6165,0.0,0
03:36:52.240,0.6165,0.6165,0.0,0
03:36:52.331,0.6023,0.6023,0.0,0
03:36:52.331,0.6023,0.6023,0.0,0
03:36:52.412,0.6023,0.6023,0.0,0
03:36:52.480,0.6959,0.6959,0.0,0
03:36:52.549,0.6959,0.6959,0.0,0
03:36:52.652,0.6555,0.6555,0.0,0
03:36:52.652,0.6555,0.6555,0.0,0
03:36:52.720,0.6555,0.6555,0.0,0
03:36:52.812,0.6611,0.6611,0.0,0
03:36:52.893,0.6611,0.6611,0.0,0
03:36:52.961,1.1169,1.1169,0.0,0
03:36:53.031,1.1169,1.1169,0.0,0
03:36:53.031,1.1169,1.1169,0.0,0
03:36:53.111,0.6528,0.6528,0.0,0
03:36:53.224,0.6528,0.6528,0.0,0
03:36:53.389,5.2409,5.2409,0.0,0
03:36:53.474,5.2409,5.2409,0.0,0
03:36:53.580,0.526,0.526,0.0,0
03:36:53.611,0.526,0.526,0.0,0
03:36:53.611,0.526,0.526,0.0,0
03:36:53.979,0.6989,0.6989,0.0,0
03:36:53.979,0.6989,0.6989,0.0,0
03:36:53.980,0.6989,0.6989,0.0,0
03:36:54.096,0.6676,0.6676,0.0,0
03:36:54.097,0.6676,0.6676,0.0,0
03:36:54.176,0.6676,0.6676,0.0,0
03:36:54.235,1.0173,1.0173,0.0,0
03:36:54.292,1.0173,1.0173,0.0,0
03:36:54.373,0.7106,0.7106,0.0,0
03:36:54.442,0.7106,0.7106,0.0,0
03:36:54.511,0.7106,0.7106,0.0,0
03:36:54.512,0.7069,0.7069,0.0,0
03:36:54.591,0.7069,0.7069,0.0,0
03:36:54.719,0.6631,0.6631,0.0,0
03:36:54.719,0.6631,0.6631,0.0,0
03:36:54.991,0.3273,0.3273,0.0,0
03:36:55.258,0.8863,0.8863,0.0,0
03:36:55.481,0.4448,0.4448,0.0,0
03:36:55.905,48.0762,48.0762,0.0,0
03:36:55.905,48.0762,48.0762,0.0,0
03:36:56.090,0.6824,0.6824,0.0,0
03:36:56.269,0.2885,0.2885,0.0,0
03:36:56.269,0.2885,0.2885,0.0,0
03:36:56.525,0.663,0.663,0.0,0
03:36:56.588,0.663,0.663,0.0,0
03:36:56.588,0.663,0.663,0.0,0
03:36:56.657,35.3193,35.3193,0.0,0
03:36:56.748,35.3193,35.3193,0.0,0
03:36:56.839,0.2139,0.2139,0.0,0
03:36:56.931,0.2139,0.2139,0.0,0
03:36:56.931,0.2139,0.2139,0.0,0
03:36:57.171,2.8342,2.8342,0.0,0
03:36:57.171,2.8342,2.8342,0.0,0
03:36:57.331,0.666,0.666,0.0,0
03:36:57.332,0.666,0.666,0.0,0
03:36:57.860,1.8124,1.8124,0.0,0
03:36:57.860,1.8124,1.8124,0.0,0
03:36:58.139,0.5292,0.5292,0.0,0
03:36:58.536,0.3046,0.3046,0.0,0
03:36:58.631,0.6858,0.6858,0.0,0
03:36:58.701,0.6858,0.6858,0.0,0
03:36:58.760,1.0425,1.0425,0.0,0
03:36:58.828,1.0425,1.0425,0.0,0
03:36:58.874,1.0425,1.0425,0.0,0
03:36:58.943,0.5471,0.5471,0.0,0
03:36:58.943,0.5471,0.5471,0.0,0
03:36:58.943,0.5471,0.5471,0.0,0
03:36:59.082,0.682,0.682,0.0,0
03:36:59.139,0.682,0.682,0.0,0
03:37:02.536,0.677,0.677,0.0,0
03:37:02.605,1.1683,1.1683,0.0,0
03:37:02.606,1.1683,1.1683,0.0,0
03:37:02.606,1.1683,1.1683,0.0,0
03:37:02.685,0.0058,0.0058,0.0,0
03:37:02.743,0.0058,0.0058,0.0,0
03:37:02.823,0.6652,0.6652,0.0,0
03:37:02.893,0.6652,0.6652,0.0,0
03:37:02.972,0.6707,0.6707,0.0,0
03:37:03.042,0.6707,0.6707,0.0,0
03:37:03.089,0.5273,0.5273,0.0,0
03:37:03.157,0.5273,0.5273,0.0,0
03:37:03.157,0.5619,0.5619,0.0,0
03:37:03.219,0.5273,0.5273,0.0,0
03:37:03.273,0.5619,0.5619,0.0,0
03:37:03.354,0.5619,0.5619,0.0,0
03:37:03.434,0.672,0.672,0.0,0
03:37:03.434,0.6264,0.6264,0.0,0
03:37:03.491,0.6438,0.6438,0.0,0
03:37:03.561,0.672,0.672,0.0,0
03:37:03.561,0.672,0.672,0.0,0
03:37:03.641,1.4025,1.4025,0.0,0
03:37:03.732,0.6438,0.6438,0.0,0
03:37:03.801,0.6744,0.6744,0.0,0
03:37:03.870,1.4025,1.4025,0.0,0
03:37:03.939,1.4025,1.4025,0.0,0
03:37:03.939,1.6955,1.6955,0.0,0
03:37:04.024,0.6744,0.6744,0.0,0
03:37:04.077,0.5975,0.5975,0.0,0
03:37:04.136,1.6955,1.6955,0.0,0
03:37:04.194,1.6955,1.6955,0.0,0
03:37:04.263,0.5975,0.5975,0.0,0
03:37:04.354,0.6893,0.6893,0.0,0
03:37:04.457,0.529,0.529,0.0,0
03:37:04.650,2.6655,2.6655,0.0,0
03:37:04.650,0.529,0.529,0.0,0
03:37:04.810,2.6655,2.6655,0.0,0
03:37:04.914,0.6944,0.6944,0.0,0
03:37:04.971,2.6655,2.6655,0.0,0
03:37:04.971,0.6944,0.6944,0.0,0
03:37:05.097,1.5623,1.5623,0.0,0
03:37:05.176,0.6944,0.6944,0.0,0
03:37:05.267,0.7008,0.7008,0.0,0
03:37:05.358,0.7008,0.7008,0.0,0
03:37:05.427,1.5623,1.5623,0.0,0
03:37:05.497,0.7504,0.7504,0.0,0
03:37:05.544,1.2054,1.2054,0.0,0
03:37:05.590,1.2054,1.2054,0.0,0
03:37:05.626,0.7504,0.7504,0.0,0
03:37:05.626,0.674,0.674,0.0,0
03:37:05.673,16.3968,16.3968,0.0,0
03:37:05.719,16.3968,16.3968,0.0,0
03:37:05.778,0.5459,0.5459,0.0,0
03:37:05.872,0.674,0.674,0.0,0
03:37:05.901,0.5459,0.5459,0.0,0
03:37:05.951,16.3968,16.3968,0.0,0
03:37:06.065,0.3813,0.3813,0.0,0
03:37:06.112,0.6852,0.6852,0.0,0
03:37:06.112,0.5459,0.5459,0.0,0
03:37:06.147,0.6852,0.6852,0.0,0
03:37:06.206,0.3813,0.3813,0.0,0
03:37:06.206,4.3135,4.3135,0.0,0
03:37:06.241,4.3135,4.3135,0.0,0
03:37:06.321,0.6309,0.6309,0.0,0
03:37:06.357,0.6309,0.6309,0.0,0
03:37:06.392,2.6107,2.6107,0.0,0
03:37:06.392,4.3135,4.3135,0.0,0
03:37:06.440,2.6107,2.6107,0.0,0
03:37:06.487,0.6309,0.6309,0.0,0
03:37:06.522,0.6914,0.6914,0.0,0
03:37:06.558,2.6107,2.6107,0.0,0
03:37:06.583,0.2848,0.2848,0.0,0
03:37:06.619,0.6695,0.6695,0.0,0
03:37:06.654,0.6695,0.6695,0.0,0
03:37:06.690,1.6886,1.6886,0.0,0
03:37:06.690,0.2848,0.2848,0.0,0
03:37:06.736,1.6886,1.6886,0.0,0
03:37:06.817,0.6695,0.6695,0.0,0
03:37:06.853,0.7008,0.7008,0.0,0
03:37:06.877,0.5829,0.5829,0.0,0
03:37:06.877,1.6886,1.6886,0.0,0
03:37:06.935,0.5829,0.5829,0.0,0
03:37:06.993,1.0843,1.0843,0.0,0
03:37:06.993,0.7008,0.7008,0.0,0
03:37:07.062,1.0843,1.0843,0.0,0
03:37:07.109,0.6433,0.6433,0.0,0
03:37:07.109,0.5829,0.5829,0.0,0
03:37:07.167,0.6433,0.6433,0.0,0
03:37:07.225,1.0843,1.0843,0.0,0
03:37:07.305,13.8734,13.8734,0.0,0
03:37:07.352,0.6433,0.6433,0.0,0
03:37:07.399,0.4651,0.4651,0.0,0
03:37:07.479,0.7767,0.7767,0.0,0
03:37:07.559,0.7767,0.7767,0.0,0
03:37:07.617,0.4651,0.4651,0.0,0
03:37:07.617,0.6846,0.6846,0.0,0
03:37:07.715,0.6846,0.6846,0.0,0
03:37:07.778,0.7767,0.7767,0.0,0
03:37:07.835,5.7331,5.7331,0.0,0
03:37:07.904,0.6545,0.6545,0.0,0
03:37:07.973,0.6545,0.6545,0.0,0
03:37:08.031,3.8739,3.8739,0.0,0
03:37:08.078,3.8739,3.8739,0.0,0
03:37:08.147,0.7079,0.7079,0.0,0
03:37:08.147,0.6545,0.6545,0.0,0
03:37:08.183,0.7079,0.7079,0.0,0
03:37:08.241,0.6939,0.6939,0.0,0
03:37:08.277,3.8739,3.8739,0.0,0
03:37:08.334,0.7127,0.7127,0.0,0
03:37:08.381,0.7127,0.7127,0.0,0
03:37:08.381,0.7079,0.7079,0.0,0
03:37:08.508,0.6939,0.6939,0.0,0
03:37:08.547,0.2497,0.2497,0.0,0
03:37:08.647,0.7127,0.7127,0.0,0
03:37:08.773,0.2497,0.2497,0.0,0
03:37:08.787,0.687,0.687,0.0,0
03:37:08.898,0.687,0.687,0.0,0
03:37:09.106,0.7218,0.7218,0.0,0
03:37:09.106,0.7218,0.7218,0.0,0
03:37:09.207,0.494,0.494,0.0,0
03:37:09.207,0.494,0.494,0.0,0
03:37:09.371,0.4763,0.4763,0.0,0
03:37:09.474,0.6684,0.6684,0.0,0
03:37:09.475,0.6684,0.6684,0.0,0
03:37:09.689,0.7412,0.7412,0.0,0
03:37:09.689,0.7412,0.7412,0.0,0
03:37:09.689,0.7412,0.7412,0.0,0
03:37:09.940,0.2332,0.2332,0.0,0
03:37:10.201,0.5828,0.5828,0.0,0
03:37:10.436,0.6859,0.6859,0.0,0
03:37:10.531,0.6218,0.6218,0.0,0
03:37:10.597,0.6218,0.6218,0.0,0
03:37:10.677,0.6218,0.6218,0.0,0
03:37:10.828,0.3449,0.3449,0.0,0
03:37:10.828,0.3449,0.3449,0.0,0
03:37:11.050,0.6412,0.6412,0.0,0
03:37:11.050,0.6412,0.6412,0.0,0
03:37:11.136,0.6665,0.6665,0.0,0
03:37:11.192,0.6665,0.6665,0.0,0
03:37:11.316,0.6014,0.6014,0.0,0
03:37:11.330,0.6014,0.6014,0.0,0
03:37:11.656,0.1934,0.1934,0.0,0
03:37:11.656,0.1934,0.1934,0.0,0
03:37:11.993,0.8079,0.8079,0.0,0
03:37:11.993,0.8079,0.8079,0.0,0
03:37:12.097,0.6831,0.6831,0.0,0
03:37:12.167,0.6831,0.6831,0.0,0
03:37:12.320,0.233,0.233,0.0,0
03:37:12.350,0.233,0.233,0.0,0
03:37:12.454,2.3637,2.3637,0.0,0
03:37:12.643,2.3637,2.3637,0.0,0
03:37:12.746,0.6943,0.6943,0.0,0
03:37:12.825,0.6943,0.6943,0.0,0
03:37:12.934,0.6716,0.6716,0.0,0
03:37:12.934,0.6716,0.6716,0.0,0
03:37:13.019,0.6716,0.6716,0.0,0
03:37:13.232,0.4167,0.4167,0.0,0
03:37:13.326,0.1925,0.1925,0.0,0
03:37:13.395,0.1925,0.1925,0.0,0
03:37:13.478,0.6592,0.6592,0.0,0
03:37:13.587,0.6592,0.6592,0.0,0
03:37:13.670,43.5852,43.5852,0.0,0
03:37:13.714,43.5852,43.5852,0.0,0
03:37:13.714,43.5852,43.5852,0.0,0
03:37:13.812,0.1662,0.1662,0.0,0
03:37:13.841,0.1662,0.1662,0.0,0
03:37:13.841,0.1662,0.1662,0.0,0
03:37:14.018,3.6181,3.6181,0.0,0
03:37:14.217,0.661,0.661,0.0,0
03:37:14.422,3.2307,3.2307,0.0,0
03:37:14.422,3.2307,3.2307,0.0,0
03:37:14.626,0.7566,0.7566,0.0,0
03:37:14.904,0.1945,0.1945,0.0,0
03:37:14.904,0.1945,0.1945,0.0,0
03:37:15.152,0.7104,0.7104,0.0,0
03:37:15.152,0.7104,0.7104,0.0,0
03:37:15.351,0.6825,0.6825,0.0,0
03:37:15.351,0.6825,0.6825,0.0,0
03:37:15.548,0.696,0.696,0.0,0
03:37:15.548,0.696,0.696,0.0,0
03:37:15.679,0.0885,0.0885,0.0,0
03:37:15.731,0.0885,0.0885,0.0,0
03:37:15.921,0.6817,0.6817,0.0,0
03:37:16.059,0.7144,0.7144,0.0,0
03:37:16.059,0.7144,0.7144,0.0,0
03:37:16.332,0.6159,0.6159,0.0,0
03:37:16.332,0.6159,0.6159,0.0,0
03:37:16.544,1.3477,1.3477,0.0,0
03:37:16.544,1.3477,1.3477,0.0,0
03:37:16.821,0.66,0.66,0.0,0
03:37:16.859,0.66,0.66,0.0,0
03:37:16.955,0.568,0.568,0.0,0
03:37:17.013,0.568,0.568,0.0,0
03:37:17.269,0.5828,0.5828,0.0,0
03:37:17.269,0.5828,0.5828,0.0,0
03:37:17.378,0.6801,0.6801,0.0,0
03:37:17.436,0.6801,0.6801,0.0,0
03:37:17.551,3.7946,3.7946,0.0,0
03:37:17.552,3.7946,3.7946,0.0,0
03:37:17.608,3.7946,3.7946,0.0,0
03:37:17.818,0.6063,0.6063,0.0,0
03:37:18.009,1.9925,1.9925,0.0,0
03:37:18.039,1.9925,1.9925,0.0,0
03:37:18.169,0.6753,0.6753,0.0,0
03:37:18.200,0.6753,0.6753,0.0,0
03:37:18.200,0.6753,0.6753,0.0,0
03:37:18.476,0.3534,0.3534,0.0,0
03:37:18.477,0.3534,0.3534,0.0,0
03:37:18.707,0.4016,0.4016,0.0,0
03:37:18.707,0.4016,0.4016,0.0,0
03:37:18.880,1.4211,1.4211,0.0,0
03:37:18.881,1.4211,1.4211,0.0,0
03:37:19.196,0.6786,0.6786,0.0,0
03:37:19.196,0.6786,0.6786,0.0,0
03:37:19.280,1.4676,1.4676,0.0,0
03:37:19.360,1.4676,1.4676,0.0,0
03:37:19.360,1.4676,1.4676,0.0,0
03:37:19.535,0.5016,0.5016,0.0,0
03:37:19.535,0.5016,0.5016,0.0,0
03:37:19.728,0.6542,0.6542,0.0,0
03:37:19.729,0.6542,0.6542,0.0,0
03:37:19.805,0.6843,0.6843,0.0,0
03:37:19.805,0.6843,0.6843,0.0,0
03:37:19.896,0.6843,0.6843,0.0,0
03:37:20.215,0.5894,0.5894,0.0,0
03:37:20.738,0.7622,0.7622,0.0,0
03:37:20.813,0.7696,0.7696,0.0,0
03:37:20.893,0.7696,0.7696,0.0,0
03:37:20.893,0.7696,0.7696,0.0,0
03:37:20.995,0.6872,0.6872,0.0,0
03:37:21.076,0.6872,0.6872,0.0,0
03:37:21.076,0.6872,0.6872,0.0,0
03:37:21.156,0.7307,0.7307,0.0,0
03:37:21.247,0.7307,0.7307,0.0,0
03:37:21.349,0.7307,0.7307,0.0,0
03:37:21.404,0.9883,0.9883,0.0,0
03:37:21.463,0.9883,0.9883,0.0,0
03:37:21.576,0.9883,0.9883,0.0,0
03:37:21.646,1.0247,1.0247,0.0,0
03:37:21.646,1.0247,1.0247,0.0,0
03:37:21.749,1.0247,1.0247,0.0,0
03:37:21.883,0.6532,0.6532,0.0,0
03:37:21.883,0.6532,0.6532,0.0,0
03:37:22.007,0.6532,0.6532,0.0,0
03:37:22.055,0.7051,0.7051,0.0,0
03:37:22.136,0.7051,0.7051,0.0,0
03:37:22.205,0.7468,0.7468,0.0,0
03:37:22.285,0.7468,0.7468,0.0,0
03:37:22.353,0.6979,0.6979,0.0,0
03:37:22.411,0.6979,0.6979,0.0,0
03:37:22.491,0.6908,0.6908,0.0,0
03:37:22.538,0.6908,0.6908,0.0,0
03:37:22.585,0.4954,0.4954,0.0,0
03:37:22.644,0.4954,0.4954,0.0,0
03:37:22.644,0.4552,0.4552,0.0,0
03:37:22.792,0.5717,0.5717,0.0,0
03:37:22.840,0.4552,0.4552,0.0,0
03:37:22.887,0.5717,0.5717,0.0,0
03:37:22.934,0.5717,0.5717,0.0,0
03:37:23.026,0.7015,0.7015,0.0,0
03:37:23.027,0.7015,0.7015,0.0,0
03:37:23.227,0.6321,0.6321,0.0,0
03:37:23.227,0.6321,0.6321,0.0,0
03:37:23.601,1.386,1.386,0.0,0
03:37:23.745,0.6766,0.6766,0.0,0
03:37:23.746,0.6766,0.6766,0.0,0
03:37:23.957,6.9827,6.9827,0.0,0
03:37:24.163,0.4807,0.4807,0.0,0
03:37:24.317,0.7376,0.7376,0.0,0
03:37:24.318,0.7376,0.7376,0.0,0
03:37:24.524,0.6723,0.6723,0.0,0
03:37:24.529,0.6723,0.6723,0.0,0
03:37:24.776,0.4291,0.4291,0.0,0
03:37:24.778,0.4291,0.4291,0.0,0
03:37:24.891,0.6579,0.6579,0.0,0
03:37:24.993,0.6579,0.6579,0.0,0
03:37:25.084,2.8597,2.8597,0.0,0
03:37:25.143,2.8597,2.8597,0.0,0
03:37:25.268,0.6885,0.6885,0.0,0
03:37:25.359,0.6885,0.6885,0.0,0
03:37:25.428,0.6885,0.6885,0.0,0
03:37:25.485,0.5669,0.5669,0.0,0
03:37:25.485,0.5669,0.5669,0.0,0
03:37:25.534,0.5669,0.5669,0.0,0
03:37:25.688,0.7127,0.7127,0.0,0
03:37:25.704,0.7127,0.7127,0.0,0
03:37:25.891,0.8793,0.8793,0.0,0
03:37:26.162,0.6862,0.6862,0.0,0
03:37:26.433,0.6961,0.6961,0.0,0
03:37:26.534,0.6347,0.6347,0.0,0
03:37:26.534,0.6347,0.6347,0.0,0
03:37:26.820,0.3859,0.3859,0.0,0
03:37:26.960,0.6709,0.6709,0.0,0
03:37:27.181,0.2759,0.2759,0.0,0
03:37:27.181,0.2759,0.2759,0.0,0
03:37:27.328,0.6174,0.6174,0.0,0
03:37:27.596,1.0184,1.0184,0.0,0
03:37:27.801,0.6947,0.6947,0.0,0
03:37:27.936,1.3881,1.3881,0.0,0
03:37:27.936,1.3881,1.3881,0.0,0
03:37:28.248,1.0897,1.0897,0.0,0
03:37:28.413,0.7132,0.7132,0.0,0
03:37:28.520,0.6596,0.6596,0.0,0
03:37:28.521,0.6596,0.6596,0.0,0
03:37:28.755,2.5168,2.5168,0.0,0
03:37:28.818,2.5168,2.5168,0.0,0
03:37:29.059,0.9877,0.9877,0.0,0
03:37:29.059,0.9877,0.9877,0.0,0
03:37:29.252,0.678,0.678,0.0,0
03:37:29.252,0.678,0.678,0.0,0
03:37:29.441,0.6577,0.6577,0.0,0
03:37:29.737,2.6651,2.6651,0.0,0
03:37:29.807,2.6651,2.6651,0.0,0
03:37:29.807,2.6651,2.6651,0.0,0
03:37:29.864,0.1495,0.1495,0.0,0
03:37:29.900,0.1495,0.1495,0.0,0
03:37:29.993,0.695,0.695,0.0,0
03:37:30.038,0.695,0.695,0.0,0
03:37:30.258,0.6591,0.6591,0.0,0
03:37:30.259,0.6591,0.6591,0.0,0
03:37:30.503,1.392,1.392,0.0,0
03:37:30.748,1.4445,1.4445,0.0,0
03:37:30.748,1.4445,1.4445,0.0,0
03:37:30.748,1.4445,1.4445,0.0,0
03:37:30.830,0.6695,0.6695,0.0,0
03:37:30.911,0.6695,0.6695,0.0,0
03:37:30.962,0.6695,0.6695,0.0,0
03:37:31.101,24.7151,24.7151,0.0,0
03:37:31.283,0.3198,0.3198,0.0,0
03:37:31.284,0.3198,0.3198,0.0,0
03:37:31.423,0.9967,0.9967,0.0,0
03:37:31.423,0.9967,0.9967,0.0,0
03:37:31.627,0.658,0.658,0.0,0
03:37:31.627,0.658,0.658,0.0,0
03:37:31.832,0.7089,0.7089,0.0,0
03:37:32.034,1.5879,1.5879,0.0,0
03:37:32.034,1.5879,1.5879,0.0,0
03:37:32.241,0.7,0.7,0.0,0
03:37:32.241,0.7,0.7,0.0,0
03:37:32.514,0.6824,0.6824,0.0,0
03:37:32.514,0.6824,0.6824,0.0,0
03:37:32.514,0.6824,0.6824,0.0,0
03:37:32.651,2.3234,2.3234,0.0,0
03:37:32.651,2.3234,2.3234,0.0,0
03:37:32.855,0.5229,0.5229,0.0,0
03:37:33.060,0.6315,0.6315,0.0,0
03:37:33.060,0.6315,0.6315,0.0,0
03:37:33.264,0.7038,0.7038,0.0,0
03:37:33.264,0.7038,0.7038,0.0,0
03:37:33.264,0.7038,0.7038,0.0,0
03:37:33.472,17.6252,17.6252,0.0,0
03:37:33.473,17.6252,17.6252,0.0,0
03:37:33.675,0.6179,0.6179,0.0,0
03:37:33.676,0.6179,0.6179,0.0,0
03:37:33.892,0.6047,0.6047,0.0,0
03:37:34.147,0.684,0.684,0.0,0
03:37:34.147,0.684,0.684,0.0,0
03:37:34.358,2.5577,2.5577,0.0,0
03:37:34.588,0.509,0.509,0.0,0
03:37:34.588,0.509,0.509,0.0,0
03:37:34.741,1.1895,1.1895,0.0,0
03:37:34.741,1.1895,1.1895,0.0,0
03:37:34.906,0.6876,0.6876,0.0,0
03:37:34.906,0.6876,0.6876,0.0,0
03:37:35.168,4.3679,4.3679,0.0,0
03:37:35.168,4.3679,4.3679,0.0,0
03:37:35.351,0.6955,0.6955,0.0,0
03:37:35.351,0.6955,0.6955,0.0,0
03:37:35.530,0.4848,0.4848,0.0,0
03:37:35.530,0.4848,0.4848,0.0,0
03:37:35.722,0.6928,0.6928,0.0,0
03:37:35.722,0.6928,0.6928,0.0,0
03:37:35.936,4.2326,4.2326,0.0,0
03:37:36.141,0.4992,0.4992,0.0,0
03:37:36.144,0.4992,0.4992,0.0,0
03:37:36.144,0.4992,0.4992,0.0,0
03:37:36.353,0.7739,0.7739,0.0,0
03:37:36.558,0.6866,0.6866,0.0,0
03:37:36.771,3.1001,3.1001,0.0,0
03:37:36.971,1.4342,1.4342,0.0,0
03:37:36.971,1.4342,1.4342,0.0,0
03:37:37.180,0.7122,0.7122,0.0,0
03:37:37.372,0.6733,0.6733,0.0,0
03:37:37.372,0.6733,0.6733,0.0,0
03:37:37.580,7.3145,7.3145,0.0,0
03:37:37.580,7.3145,7.3145,0.0,0
03:37:37.795,0.4535,0.4535,0.0,0
03:37:38.070,0.6737,0.6737,0.0,0
03:37:38.070,0.6737,0.6737,0.0,0
03:37:38.203,0.6859,0.6859,0.0,0
03:37:38.415,3.2534,3.2534,0.0,0
03:37:38.415,3.2534,3.2534,0.0,0
03:37:38.641,0.656,0.656,0.0,0
03:37:38.642,0.656,0.656,0.0,0
03:37:38.848,0.8081,0.8081,0.0,0
03:37:38.848,0.8081,0.8081,0.0,0
03:37:39.050,0.6549,0.6549,0.0,0
03:37:39.263,2.6486,2.6486,0.0,0
03:37:39.263,2.6486,2.6486,0.0,0
03:37:39.264,2.6486,2.6486,0.0,0
03:37:39.467,0.6477,0.6477,0.0,0
03:37:39.663,0.7138,0.7138,0.0,0
03:37:39.663,0.7138,0.7138,0.0,0
03:37:39.872,0.6866,0.6866,0.0,0
03:37:40.097,1.221,1.221,0.0,0
03:37:40.097,1.221,1.221,0.0,0
03:37:40.097,1.221,1.221,0.0,0
03:37:40.296,0.4865,0.4865,0.0,0
03:37:40.296,0.4865,0.4865,0.0,0
03:37:40.486,0.578,0.578,0.0,0
03:37:40.486,0.578,0.578,0.0,0
03:37:40.690,0.6796,0.6796,0.0,0
03:37:40.690,0.6796,0.6796,0.0,0
03:37:40.904,0.2621,0.2621,0.0,0
03:37:40.904,0.2621,0.2621,0.0,0
03:37:41.108,0.6062,0.6062,0.0,0
03:37:41.108,0.6062,0.6062,0.0,0
03:37:41.308,0.6605,0.6605,0.0,0
03:37:41.308,0.6605,0.6605,0.0,0
03:37:41.513,0.5826,0.5826,0.0,0
03:37:41.513,0.5826,0.5826,0.0,0
03:37:41.514,0.5826,0.5826,0.0,0
03:37:41.750,0.2594,0.2594,0.0,0
03:37:41.750,0.2594,0.2594,0.0,0
03:37:41.945,0.4198,0.4198,0.0,0
03:37:41.953,0.4198,0.4198,0.0,0
03:37:41.953,0.4198,0.4198,0.0,0
03:37:42.146,0.6706,0.6706,0.0,0
03:37:42.152,0.6706,0.6706,0.0,0
03:37:42.152,0.6706,0.6706,0.0,0
03:37:42.393,0.6752,0.6752,0.0,0
03:37:42.604,1.5629,1.5629,0.0,0
03:37:42.604,1.5629,1.5629,0.0,0
03:37:42.853,0.4403,0.4403,0.0,0
03:37:42.853,0.4403,0.4403,0.0,0
03:37:42.959,0.6912,0.6912,0.0,0
03:37:42.959,0.6912,0.6912,0.0,0
03:37:42.960,0.6912,0.6912,0.0,0
03:37:43.200,0.6745,0.6745,0.0,0
03:37:43.403,0.5477,0.5477,0.0,0
03:37:43.403,0.5477,0.5477,0.0,0
03:37:43.609,0.0237,0.0237,0.0,0
03:37:43.609,0.0237,0.0237,0.0,0
03:37:43.875,0.689,0.689,0.0,0
03:37:44.015,23.354,23.354,0.0,0
03:37:44.285,0.8366,0.8366,0.0,0
03:37:44.428,0.1239,0.1239,0.0,0
03:37:44.698,0.6713,0.6713,0.0,0
03:37:44.946,3.0986,3.0986,0.0,0
03:37:44.946,3.0986,3.0986,0.0,0
03:37:45.174,0.7697,0.7697,0.0,0
03:37:45.174,0.7697,0.7697,0.0,0
03:37:45.231,0.7697,0.7697,0.0,0
03:37:45.312,0.5297,0.5297,0.0,0
03:37:45.453,0.6788,0.6788,0.0,0
03:37:45.453,0.6788,0.6788,0.0,0
03:37:45.726,0.9608,0.9608,0.0,0
03:37:45.823,1.0431,1.0431,0.0,0
03:37:46.031,2.2285,2.2285,0.0,0
03:37:46.269,0.658,0.658,0.0,0
03:37:46.269,0.658,0.658,0.0,0
03:37:46.474,1.8159,1.8159,0.0,0
03:37:46.474,1.8159,1.8159,0.0,0
03:37:46.474,1.8159,1.8159,0.0,0
03:37:46.744,0.6722,0.6722,0.0,0
03:37:46.744,0.6722,0.6722,0.0,0
03:37:46.948,0.7028,0.7028,0.0,0
03:37:46.948,0.7028,0.7028,0.0,0
03:37:47.090,0.6946,0.6946,0.0,0
03:37:47.293,2.6731,2.6731,0.0,0
03:37:47.496,1.1163,1.1163,0.0,0
03:37:47.497,1.1163,1.1163,0.0,0
03:37:47.708,0.6744,0.6744,0.0,0
03:37:47.708,0.6744,0.6744,0.0,0
03:37:47.911,0.7268,0.7268,0.0,0
03:37:47.911,0.7268,0.7268,0.0,0
03:37:48.212,0.4228,0.4228,0.0,0
03:37:48.212,0.4228,0.4228,0.0,0
03:37:48.212,0.4228,0.4228,0.0,0
03:37:48.431,1.1201,1.1201,0.0,0
03:37:48.431,1.1201,1.1201,0.0,0
03:37:48.521,0.7033,0.7033,0.0,0
03:37:48.795,0.6786,0.6786,0.0,0
03:37:48.795,0.6786,0.6786,0.0,0
03:37:48.930,0.0905,0.0905,0.0,0
03:37:48.930,0.0905,0.0905,0.0,0
03:37:49.136,1.0771,1.0771,0.0,0
03:37:49.345,0.6736,0.6736,0.0,0
03:37:49.345,0.6736,0.6736,0.0,0
03:37:49.614,0.6892,0.6892,0.0,0
03:37:49.614,0.6892,0.6892,0.0,0
03:37:49.614,0.6892,0.6892,0.0,0
03:37:49.751,0.4104,0.4104,0.0,0
03:37:50.025,1.747,1.747,0.0,0
03:37:50.025,1.747,1.747,0.0,0
03:37:50.272,0.7243,0.7243,0.0,0
03:37:50.272,0.7243,0.7243,0.0,0
03:37:50.444,4.5963,4.5963,0.0,0
03:37:50.570,0.8874,0.8874,0.0,0
03:37:50.841,0.349,0.349,0.0,0
03:37:50.841,0.349,0.349,0.0,0
03:37:50.990,0.692,0.692,0.0,0
03:37:50.990,0.692,0.692,0.0,0
03:37:51.183,0.5783,0.5783,0.0,0
03:37:51.183,0.5783,0.5783,0.0,0
03:37:51.457,0.4815,0.4815,0.0,0
03:37:51.457,0.4815,0.4815,0.0,0
03:37:51.457,0.4815,0.4815,0.0,0
03:37:51.663,1.5785,1.5785,0.0,0
03:37:51.664,1.5785,1.5785,0.0,0
03:37:51.805,0.6595,0.6595,0.0,0
03:37:52.003,0.4402,0.4402,0.0,0
03:37:52.275,0.2987,0.2987,0.0,0
03:37:52.275,0.2987,0.2987,0.0,0
03:37:52.415,0.3374,0.3374,0.0,0
03:37:52.416,0.3374,0.3374,0.0,0
03:37:52.421,0.3374,0.3374,0.0,0
03:37:52.616,0.6871,0.6871,0.0,0
03:37:52.894,0.5796,0.5796,0.0,0
03:37:52.894,0.5796,0.5796,0.0,0
03:37:53.134,0.4769,0.4769,0.0,0
03:37:53.134,0.4769,0.4769,0.0,0
03:37:53.232,0.6935,0.6935,0.0,0
03:37:53.453,1.4278,1.4278,0.0,0
03:37:53.654,0.7586,0.7586,0.0,0
03:37:53.654,0.7586,0.7586,0.0,0
03:37:53.911,0.7839,0.7839,0.0,0
03:37:53.911,0.7839,0.7839,0.0,0
03:37:54.118,0.682,0.682,0.0,0
03:37:54.118,0.682,0.682,0.0,0
03:37:54.118,0.682,0.682,0.0,0
03:37:54.257,3.9329,3.9329,0.0,0
03:37:54.461,0.7037,0.7037,0.0,0
03:37:54.461,0.7037,0.7037,0.0,0
03:37:54.462,0.7037,0.7037,0.0,0
03:37:54.736,1.1801,1.1801,0.0,0
03:37:54.936,0.6885,0.6885,0.0,0
03:37:54.936,0.6885,0.6885,0.0,0
03:37:54.936,0.6885,0.6885,0.0,0
03:37:55.140,0.3826,0.3826,0.0,0
03:37:55.141,0.3826,0.3826,0.0,0
03:37:55.140,0.3826,0.3826,0.0,0
03:37:55.347,0.708,0.708,0.0,0
03:37:55.347,0.708,0.708,0.0,0
03:37:55.485,1.0974,1.0974,0.0,0
03:37:55.487,1.0974,1.0974,0.0,0
03:37:55.757,0.6811,0.6811,0.0,0
03:37:55.892,1.1312,1.1312,0.0,0
03:37:56.206,0.6081,0.6081,0.0,0
03:37:56.272,0.3771,0.3771,0.0,0
03:37:56.273,0.3771,0.3771,0.0,0
03:37:56.506,0.6672,0.6672,0.0,0
03:37:56.506,0.6672,0.6672,0.0,0
03:37:56.815,1.2449,1.2449,0.0,0
03:37:56.815,1.2449,1.2449,0.0,0
03:37:56.816,1.2449,1.2449,0.0,0
03:37:57.018,0.3574,0.3574,0.0,0
03:37:57.018,0.3574,0.3574,0.0,0
03:37:57.089,0.6317,0.6317,0.0,0
03:37:57.089,0.6317,0.6317,0.0,0
03:37:57.325,0.6846,0.6846,0.0,0
03:37:57.326,0.6846,0.6846,0.0,0
03:37:57.534,1.0583,1.0583,0.0,0
03:37:57.535,1.0583,1.0583,0.0,0
03:37:57.809,0.6674,0.6674,0.0,0
03:37:57.809,0.6674,0.6674,0.0,0
03:37:57.944,0.6566,0.6566,0.0,0
03:37:58.158,0.6884,0.6884,0.0,0
03:37:58.158,0.6884,0.6884,0.0,0
03:37:58.419,1.1726,1.1726,0.0,0
03:37:58.419,1.1726,1.1726,0.0,0
03:37:58.560,0.6512,0.6512,0.0,0
03:37:58.560,0.6512,0.6512,0.0,0
03:37:58.560,0.6512,0.6512,0.0,0
03:37:58.832,0.7522,0.7522,0.0,0
03:37:58.972,0.6768,0.6768,0.0,0
03:37:58.972,0.6768,0.6768,0.0,0
03:37:59.243,1.125,1.125,0.0,0
03:37:59.243,1.125,1.125,0.0,0
03:37:59.377,0.4992,0.4992,0.0,0
03:37:59.377,0.4992,0.4992,0.0,0
03:37:59.579,0.2038,0.2038,0.0,0
03:37:59.579,0.2038,0.2038,0.0,0
03:37:59.787,0.6745,0.6745,0.0,0
03:38:00.090,1.1659,1.1659,0.0,0
03:38:00.091,1.1659,1.1659,0.0,0
03:38:00.091,1.1659,1.1659,0.0,0
03:38:00.307,0.4577,0.4577,0.0,0
03:38:00.308,0.4577,0.4577,0.0,0
03:38:00.474,0.7817,0.7817,0.0,0
03:38:00.474,0.7817,0.7817,0.0,0
03:38:00.605,0.6677,0.6677,0.0,0
03:38:00.605,0.6677,0.6677,0.0,0
03:38:00.878,0.6635,0.6635,0.0,0
03:38:00.878,0.6635,0.6635,0.0,0
03:38:00.878,0.6635,0.6635,0.0,0
03:38:01.127,0.5877,0.5877,0.0,0
03:38:01.127,0.5877,0.5877,0.0,0
03:38:01.185,0.7094,0.7094,0.0,0
03:38:01.189,0.7094,0.7094,0.0,0
03:38:01.428,0.6776,0.6776,0.0,0
03:38:01.428,0.6776,0.6776,0.0,0
03:38:01.428,0.6776,0.6776,0.0,0
03:38:01.798,15.8743,15.8743,0.0,0
03:38:02.005,0.4971,0.4971,0.0,0
03:38:02.111,1.4098,1.4098,0.0,0
03:38:02.272,0.6734,0.6734,0.0,0
03:38:02.432,24.3268,24.3268,0.0,0
03:38:02.677,0.4508,0.4508,0.0,0
03:38:02.678,0.4508,0.4508,0.0,0
03:38:02.852,0.4502,0.4502,0.0,0
03:38:03.068,0.7041,0.7041,0.0,0
03:38:03.068,0.7041,0.7041,0.0,0
03:38:03.235,0.6646,0.6646,0.0,0
03:38:03.469,0.4936,0.4936,0.0,0
03:38:03.686,0.713,0.713,0.0,0
03:38:03.686,0.713,0.713,0.0,0
03:38:03.849,0.7752,0.7752,0.0,0
03:38:03.850,0.7752,0.7752,0.0,0
03:38:04.092,0.6536,0.6536,0.0,0
03:38:04.097,0.6536,0.6536,0.0,0
03:38:04.260,1.3274,1.3274,0.0,0
03:38:04.465,0.7368,0.7368,0.0,0
03:38:04.465,0.7368,0.7368,0.0,0
03:38:04.702,0.6546,0.6546,0.0,0
03:38:04.702,0.6546,0.6546,0.0,0
03:38:04.909,0.6646,0.6646,0.0,0
03:38:04.909,0.6646,0.6646,0.0,0
03:38:04.909,0.6646,0.6646,0.0,0
03:38:05.113,0.8571,0.8571,0.0,0
03:38:05.315,0.5618,0.5618,0.0,0
03:38:05.523,0.8546,0.8546,0.0,0
03:38:05.523,0.8546,0.8546,0.0,0
03:38:05.724,0.663,0.663,0.0,0
03:38:05.724,0.663,0.663,0.0,0
03:38:05.931,3.5899,3.5899,0.0,0
03:38:06.134,0.7077,0.7077,0.0,0
03:38:06.342,0.6125,0.6125,0.0,0
03:38:06.546,0.6572,0.6572,0.0,0
03:38:06.749,4.5275,4.5275,0.0,0
03:38:06.955,1.0304,1.0304,0.0,0
03:38:06.955,1.0304,1.0304,0.0,0
03:38:07.158,0.4495,0.4495,0.0,0
03:38:07.365,0.6618,0.6618,0.0,0
03:38:07.569,17.2307,17.2307,0.0,0
03:38:07.569,17.2307,17.2307,0.0,0
03:38:07.777,0.3707,0.3707,0.0,0
03:38:07.777,0.3707,0.3707,0.0,0
03:38:07.981,0.098,0.098,0.0,0
03:38:08.194,0.673,0.673,0.0,0
03:38:08.387,0.6729,0.6729,0.0,0
03:38:08.403,0.6729,0.6729,0.0,0
03:38:08.594,1.176,1.176,0.0,0
03:38:08.619,1.176,1.176,0.0,0
03:38:08.797,0.4752,0.4752,0.0,0
03:38:08.802,0.4752,0.4752,0.0,0
03:38:09.004,0.6054,0.6054,0.0,0
03:38:09.268,0.6794,0.6794,0.0,0
03:38:09.268,0.6794,0.6794,0.0,0
03:38:09.412,0.0728,0.0728,0.0,0
03:38:09.461,0.0728,0.0728,0.0,0
03:38:09.461,0.0728,0.0728,0.0,0
03:38:09.616,0.4416,0.4416,0.0,0
03:38:09.616,0.4416,0.4416,0.0,0
03:38:09.821,0.4968,0.4968,0.0,0
03:38:09.822,0.4968,0.4968,0.0,0
03:38:10.028,0.6474,0.6474,0.0,0
03:38:10.238,2.1806,2.1806,0.0,0
03:38:10.516,0.4572,0.4572,0.0,0
03:38:10.516,0.4572,0.4572,0.0,0
03:38:10.648,0.4985,0.4985,0.0,0
03:38:10.648,0.4985,0.4985,0.0,0
03:38:10.858,0.6688,0.6688,0.0,0
03:38:10.858,0.6688,0.6688,0.0,0
03:38:11.067,0.824,0.824,0.0,0
03:38:11.067,0.824,0.824,0.0,0
03:38:11.275,0.4556,0.4556,0.0,0
03:38:11.291,0.4556,0.4556,0.0,0
03:38:11.512,0.7015,0.7015,0.0,0
03:38:11.736,0.698,0.698,0.0,0
03:38:11.736,0.698,0.698,0.0,0
03:38:11.932,2.7946,2.7946,0.0,0
03:38:11.932,2.7946,2.7946,0.0,0
03:38:12.132,0.6854,0.6854,0.0,0
03:38:12.132,0.6854,0.6854,0.0,0
03:38:12.348,0.6694,0.6694,0.0,0
03:38:12.348,0.6694,0.6694,0.0,0
03:38:12.534,0.6439,0.6439,0.0,0
03:38:12.750,0.6266,0.6266,0.0,0
03:38:12.956,0.8386,0.8386,0.0,0
03:38:13.160,0.6923,0.6923,0.0,0
03:38:13.160,0.6923,0.6923,0.0,0
03:38:13.376,1.3462,1.3462,0.0,0
03:38:13.376,1.3462,1.3462,0.0,0
03:38:13.571,0.6156,0.6156,0.0,0
03:38:13.571,0.6156,0.6156,0.0,0
03:38:13.853,0.7407,0.7407,0.0,0
03:38:14.059,0.6222,0.6222,0.0,0
03:38:14.059,0.6222,0.6222,0.0,0
03:38:14.353,0.5282,0.5282,0.0,0
03:38:14.353,0.5282,0.5282,0.0,0
03:38:14.405,1.9235,1.9235,0.0,0
03:38:14.496,1.9235,1.9235,0.0,0
03:38:14.657,0.6851,0.6851,0.0,0
03:38:14.848,0.4891,0.4891,0.0,0
03:38:14.848,0.4891,0.4891,0.0,0
03:38:15.034,0.7998,0.7998,0.0,0
03:38:15.034,0.7998,0.7998,0.0,0
03:38:15.266,0.7586,0.7586,0.0,0
03:38:15.266,0.7586,0.7586,0.0,0
03:38:15.458,0.7159,0.7159,0.0,0
03:38:15.458,0.7159,0.7159,0.0,0
03:38:15.661,0.597,0.597,0.0,0
03:38:15.661,0.597,0.597,0.0,0
03:38:15.991,0.5751,0.5751,0.0,0
03:38:15.991,0.5751,0.5751,0.0,0
03:38:16.200,1.7373,1.7373,0.0,0
03:38:16.200,1.7373,1.7373,0.0,0
03:38:16.365,0.563,0.563,0.0,0
03:38:16.365,0.563,0.563,0.0,0
03:38:16.638,0.575,0.575,0.0,0
03:38:16.638,0.575,0.575,0.0,0
03:38:16.863,1.1856,1.1856,0.0,0
03:38:16.863,1.1856,1.1856,0.0,0
03:38:17.021,1.1751,1.1751,0.0,0
03:38:17.166,0.3462,0.3462,0.0,0
03:38:17.375,13.5615,13.5615,0.0,0
03:38:17.375,13.5615,13.5615,0.0,0
03:38:17.511,0.4321,0.4321,0.0,0
03:38:17.512,0.4321,0.4321,0.0,0
03:38:17.512,0.4321,0.4321,0.0,0
03:38:17.894,1.0534,1.0534,0.0,0
03:38:17.894,1.0534,1.0534,0.0,0
03:38:18.101,0.5312,0.5312,0.0,0
03:38:18.101,0.5312,0.5312,0.0,0
03:38:18.371,0.2578,0.2578,0.0,0
03:38:18.371,0.2578,0.2578,0.0,0
03:38:18.466,0.6647,0.6647,0.0,0
03:38:18.508,0.6647,0.6647,0.0,0
03:38:18.610,0.4303,0.4303,0.0,0
03:38:18.645,0.4303,0.4303,0.0,0
03:38:18.645,0.4303,0.4303,0.0,0
03:38:18.716,19.6614,19.6614,0.0,0
03:38:18.772,19.6614,19.6614,0.0,0
03:38:18.903,0.3495,0.3495,0.0,0
03:38:18.911,0.3495,0.3495,0.0,0
03:38:19.143,2.3681,2.3681,0.0,0
03:38:19.466,0.675,0.675,0.0,0
03:38:19.466,0.675,0.675,0.0,0
03:38:19.667,0.1294,0.1294,0.0,0
03:38:19.823,0.9303,0.9303,0.0,0
03:38:19.922,0.5916,0.5916,0.0,0
03:38:20.130,1.937,1.937,0.0,0
03:38:20.130,1.937,1.937,0.0,0
03:38:20.372,20.8772,20.8772,0.0,0
03:38:20.638,0.6362,0.6362,0.0,0
03:38:20.638,0.6362,0.6362,0.0,0
03:38:20.843,0.6018,0.6018,0.0,0
03:38:21.053,0.6558,0.6558,0.0,0
03:38:21.053,0.6558,0.6558,0.0,0
03:38:21.053,0.6558,0.6558,0.0,0
03:38:21.205,3.8439,3.8439,0.0,0
03:38:21.273,3.8439,3.8439,0.0,0
03:38:21.361,0.217,0.217,0.0,0
03:38:21.361,0.217,0.217,0.0,0
03:38:21.600,0.6973,0.6973,0.0,0
03:38:21.804,0.9891,0.9891,0.0,0
03:38:22.074,1.4517,1.4517,0.0,0
03:38:22.074,1.4517,1.4517,0.0,0
03:38:22.282,3.2863,3.2863,0.0,0
03:38:22.282,3.2863,3.2863,0.0,0
03:38:22.381,0.5554,0.5554,0.0,0
03:38:22.590,0.3154,0.3154,0.0,0
03:38:22.593,0.3154,0.3154,0.0,0
03:38:22.828,0.664,0.664,0.0,0
03:38:22.828,0.664,0.664,0.0,0
03:38:23.095,0.4224,0.4224,0.0,0
03:38:23.096,0.4224,0.4224,0.0,0
03:38:23.303,0.6651,0.6651,0.0,0
03:38:23.303,0.6651,0.6651,0.0,0
03:38:23.412,0.2212,0.2212,0.0,0
03:38:23.412,0.2212,0.2212,0.0,0
03:38:23.660,0.1207,0.1207,0.0,0
03:38:23.956,0.5876,0.5876,0.0,0
03:38:24.023,0.4822,0.4822,0.0,0
03:38:24.041,0.4822,0.4822,0.0,0
03:38:24.264,12.3297,12.3297,0.0,0
03:38:24.264,12.3297,12.3297,0.0,0
03:38:24.264,12.3297,12.3297,0.0,0
03:38:24.530,0.6161,0.6161,0.0,0
03:38:24.530,0.6161,0.6161,0.0,0
03:38:24.673,1.1463,1.1463,0.0,0
03:38:24.873,1.6182,1.6182,0.0,0
03:38:25.144,4.1028,4.1028,0.0,0
03:38:25.145,4.1028,4.1028,0.0,0
03:38:25.283,0.7885,0.7885,0.0,0
03:38:25.283,0.7885,0.7885,0.0,0
03:38:25.553,0.707,0.707,0.0,0
03:38:25.553,0.707,0.707,0.0,0
03:38:25.761,6.321,6.321,0.0,0
03:38:25.762,6.321,6.321,0.0,0
03:38:25.866,5.0762,5.0762,0.0,0
03:38:25.866,5.0762,5.0762,0.0,0
03:38:25.867,5.0762,5.0762,0.0,0
03:38:26.108,0.9594,0.9594,0.0,0
03:38:26.312,0.8902,0.8902,0.0,0
03:38:26.514,1.3977,1.3977,0.0,0
03:38:26.514,1.3977,1.3977,0.0,0
03:38:26.718,5.7529,5.7529,0.0,0
03:38:26.987,5.1392,5.1392,0.0,0
03:38:27.192,0.2512,0.2512,0.0,0
03:38:27.192,0.2512,0.2512,0.0,0
03:38:27.334,0.0886,0.0886,0.0,0
03:38:27.334,0.0886,0.0886,0.0,0
03:38:27.536,0.6046,0.6046,0.0,0
03:38:27.744,0.5208,0.5208,0.0,0
03:38:27.744,0.5208,0.5208,0.0,0
03:38:28.013,1.1932,1.1932,0.0,0
03:38:28.216,1.4169,1.4169,0.0,0
03:38:28.216,1.4169,1.4169,0.0,0
03:38:28.421,0.7094,0.7094,0.0,0
03:38:28.559,0.6253,0.6253,0.0,0
03:38:28.866,1.6959,1.6959,0.0,0
03:38:29.080,0.6704,0.6704,0.0,0
03:38:29.081,0.6704,0.6704,0.0,0
03:38:29.178,0.5444,0.5444,0.0,0
03:38:29.444,11.2306,11.2306,0.0,0
03:38:29.683,0.6914,0.6914,0.0,0
03:38:29.855,2.1178,2.1178,0.0,0
03:38:29.855,2.1178,2.1178,0.0,0
03:38:29.954,12.5039,12.5039,0.0,0
03:38:29.954,12.5039,12.5039,0.0,0
03:38:30.165,0.4802,0.4802,0.0,0
03:38:30.401,0.3712,0.3712,0.0,0
03:38:30.401,0.3712,0.3712,0.0,0
03:38:30.673,1.5082,1.5082,0.0,0
03:38:30.894,3.4952,3.4952,0.0,0
03:38:31.048,9.1189,9.1189,0.0,0
03:38:31.048,9.1189,9.1189,0.0,0
03:38:31.331,0.6866,0.6866,0.0,0
03:38:31.331,0.6866,0.6866,0.0,0
03:38:31.496,0.1235,0.1235,0.0,0
03:38:31.496,0.1235,0.1235,0.0,0
03:38:31.646,2.8385,2.8385,0.0,0
03:38:31.647,2.8385,2.8385,0.0,0
03:38:31.803,6.2173,6.2173,0.0,0
03:38:31.803,6.2173,6.2173,0.0,0
03:38:32.050,0.7769,0.7769,0.0,0
03:38:32.050,0.7769,0.7769,0.0,0
03:38:32.250,1.2813,1.2813,0.0,0
03:38:32.250,1.2813,1.2813,0.0,0
03:38:32.452,1.7579,1.7579,0.0,0
03:38:32.453,1.7579,1.7579,0.0,0
03:38:32.453,1.7579,1.7579,0.0,0
03:38:32.655,0.6108,0.6108,0.0,0
03:38:32.655,0.6108,0.6108,0.0,0
03:38:32.928,0.8813,0.8813,0.0,0
03:38:32.929,0.8813,0.8813,0.0,0
03:38:33.134,0.6532,0.6532,0.0,0
03:38:33.134,0.6532,0.6532,0.0,0
03:38:33.380,0.0751,0.0751,0.0,0
03:38:33.380,0.0751,0.0751,0.0,0
03:38:33.543,0.6419,0.6419,0.0,0
03:38:33.690,0.6816,0.6816,0.0,0
03:38:33.691,0.6816,0.6816,0.0,0
03:38:33.988,0.6357,0.6357,0.0,0
03:38:34.159,0.6252,0.6252,0.0,0
03:38:34.159,0.6252,0.6252,0.0,0
03:38:34.296,0.6461,0.6461,0.0,0
03:38:34.569,0.6444,0.6444,0.0,0
03:38:34.570,0.6444,0.6444,0.0,0
03:38:34.569,0.6444,0.6444,0.0,0
03:38:34.667,0.5132,0.5132,0.0,0
03:38:34.667,0.5132,0.5132,0.0,0
03:38:34.667,0.5132,0.5132,0.0,0
03:38:34.876,1.6862,1.6862,0.0,0
03:38:34.876,1.6862,1.6862,0.0,0
03:38:35.115,0.5926,0.5926,0.0,0
03:38:35.116,0.5926,0.5926,0.0,0
03:38:35.384,0.6096,0.6096,0.0,0
03:38:35.385,0.6096,0.6096,0.0,0
03:38:35.385,0.6096,0.6096,0.0,0
03:38:35.591,0.6555,0.6555,0.0,0
03:38:35.591,0.6555,0.6555,0.0,0
03:38:35.844,0.6172,0.6172,0.0,0
03:38:35.845,0.6172,0.6172,0.0,0
03:38:35.903,1.2016,1.2016,0.0,0
03:38:35.932,1.2016,1.2016,0.0,0
03:38:36.105,0.6753,0.6753,0.0,0
03:38:36.105,0.6753,0.6753,0.0,0
03:38:36.105,0.6753,0.6753,0.0,0
03:38:36.309,0.7026,0.7026,0.0,0
03:38:36.309,0.7026,0.7026,0.0,0
03:38:36.309,0.7026,0.7026,0.0,0
03:38:36.545,0.6393,0.6393,0.0,0
03:38:36.754,0.6133,0.6133,0.0,0
03:38:36.754,0.6133,0.6133,0.0,0
03:38:36.960,0.6378,0.6378,0.0,0
03:38:36.960,0.6378,0.6378,0.0,0
03:38:37.232,2.4026,2.4026,0.0,0
03:38:37.474,0.7165,0.7165,0.0,0
03:38:37.474,0.7165,0.7165,0.0,0
03:38:37.639,2.6996,2.6996,0.0,0
03:38:37.639,2.6996,2.6996,0.0,0
03:38:37.741,0.6656,0.6656,0.0,0
03:38:37.742,0.6656,0.6656,0.0,0
03:38:37.742,0.6656,0.6656,0.0,0
03:38:37.982,0.6311,0.6311,0.0,0
03:38:38.187,0.6137,0.6137,0.0,0
03:38:38.187,0.6137,0.6137,0.0,0
03:38:38.455,0.6125,0.6125,0.0,0
03:38:38.456,0.6125,0.6125,0.0,0
03:38:38.456,0.6125,0.6125,0.0,0
03:38:38.597,0.158,0.158,0.0,0
03:38:38.597,0.158,0.158,0.0,0
03:38:38.799,0.7197,0.7197,0.0,0
03:38:39.070,0.5376,0.5376,0.0,0
03:38:39.070,0.5376,0.5376,0.0,0
03:38:39.277,0.6715,0.6715,0.0,0
03:38:39.277,0.6715,0.6715,0.0,0
03:38:39.554,0.6117,0.6117,0.0,0
03:38:39.586,0.5474,0.5474,0.0,0
03:38:39.611,0.5474,0.5474,0.0,0
03:38:39.611,0.5474,0.5474,0.0,0
03:38:39.799,0.7843,0.7843,0.0,0
03:38:40.033,1.0062,1.0062,0.0,0
03:38:40.033,1.0062,1.0062,0.0,0
03:38:40.234,4.0767,4.0767,0.0,0
03:38:40.234,4.0767,4.0767,0.0,0
03:38:40.234,4.0767,4.0767,0.0,0
03:38:40.455,0.6798,0.6798,0.0,0
03:38:40.712,0.6578,0.6578,0.0,0
03:38:40.715,0.6578,0.6578,0.0,0
03:38:40.850,0.6475,0.6475,0.0,0
03:38:40.850,0.6475,0.6475,0.0,0
03:38:41.053,0.6945,0.6945,0.0,0
03:38:41.262,0.1391,0.1391,0.0,0
03:38:41.532,0.6422,0.6422,0.0,0
03:38:41.533,0.6422,0.6422,0.0,0
03:38:41.674,4.0213,4.0213,0.0,0
03:38:41.871,0.6621,0.6621,0.0,0
03:38:41.871,0.6621,0.6621,0.0,0
03:38:42.147,0.6445,0.6445,0.0,0
03:38:42.147,0.6445,0.6445,0.0,0
03:38:42.283,0.7031,0.7031,0.0,0
03:38:42.283,0.7031,0.7031,0.0,0
03:38:42.590,0.6399,0.6399,0.0,0
03:38:42.590,0.6399,0.6399,0.0,0
03:38:42.591,0.6399,0.6399,0.0,0
03:38:42.696,1.9315,1.9315,0.0,0
03:38:42.696,1.9315,1.9315,0.0,0
03:38:42.896,0.6799,0.6799,0.0,0
03:38:42.897,0.6799,0.6799,0.0,0
03:38:43.100,0.2797,0.2797,0.0,0
03:38:43.103,0.2797,0.2797,0.0,0
03:38:43.103,0.2797,0.2797,0.0,0
03:38:43.304,0.6658,0.6658,0.0,0
03:38:43.579,0.6413,0.6413,0.0,0
03:38:43.581,0.6413,0.6413,0.0,0
03:38:43.581,0.6413,0.6413,0.0,0
03:38:43.823,0.6438,0.6438,0.0,0
03:38:43.823,0.6438,0.6438,0.0,0
03:38:43.988,0.6586,0.6586,0.0,0
03:38:44.124,0.8914,0.8914,0.0,0
03:38:44.124,0.8914,0.8914,0.0,0
03:38:44.397,4.818,4.818,0.0,0
03:38:44.399,4.818,4.818,0.0,0
03:38:44.533,0.612,0.612,0.0,0
03:38:44.539,0.612,0.612,0.0,0
03:38:44.738,0.6724,0.6724,0.0,0
03:38:44.738,0.6724,0.6724,0.0,0
03:38:44.946,0.6354,0.6354,0.0,0
03:38:44.946,0.6354,0.6354,0.0,0
03:38:45.214,0.1738,0.1738,0.0,0
03:38:45.424,0.6826,0.6826,0.0,0
03:38:45.424,0.6826,0.6826,0.0,0
03:38:45.558,1.6243,1.6243,0.0,0
03:38:45.764,0.7032,0.7032,0.0,0
03:38:46.038,0.1783,0.1783,0.0,0
03:38:46.043,0.1783,0.1783,0.0,0
03:38:46.225,0.9334,0.9334,0.0,0
03:38:46.490,34.3017,34.3017,0.0,0
03:38:46.587,0.4127,0.4127,0.0,0
03:38:46.587,0.4127,0.4127,0.0,0
03:38:46.794,0.7246,0.7246,0.0,0
03:38:47.114,2.137,2.137,0.0,0
03:38:47.114,2.137,2.137,0.0,0
03:38:47.284,2.1396,2.1396,0.0,0
03:38:47.416,0.6772,0.6772,0.0,0
03:38:47.618,0.8786,0.8786,0.0,0
03:38:47.827,0.7172,0.7172,0.0,0
03:38:48.081,0.4129,0.4129,0.0,0
03:38:48.081,0.4129,0.4129,0.0,0
03:38:48.227,2.5895,2.5895,0.0,0
03:38:48.228,2.5895,2.5895,0.0,0
03:38:48.426,0.6795,0.6795,0.0,0
03:38:48.428,0.6795,0.6795,0.0,0
03:38:48.711,0.786,0.786,0.0,0
03:38:48.963,0.113,0.113,0.0,0
03:38:48.963,0.113,0.113,0.0,0
03:38:49.119,20.2873,20.2873,0.0,0
03:38:49.253,3.2084,3.2084,0.0,0
03:38:49.521,0.6607,0.6607,0.0,0
03:38:49.762,0.6333,0.6333,0.0,0
03:38:49.762,0.6333,0.6333,0.0,0
03:38:49.859,0.9335,0.9335,0.0,0
03:38:50.066,0.7038,0.7038,0.0,0
03:38:50.066,0.7038,0.7038,0.0,0
03:38:50.067,0.7038,0.7038,0.0,0
03:38:50.334,1.1091,1.1091,0.0,0
03:38:50.474,0.701,0.701,0.0,0
03:38:50.474,0.701,0.701,0.0,0
03:38:50.746,0.9711,0.9711,0.0,0
03:38:50.990,3.1952,3.1952,0.0,0
03:38:50.990,3.1952,3.1952,0.0,0
03:38:51.093,0.6461,0.6461,0.0,0
03:38:51.118,0.6461,0.6461,0.0,0
03:38:51.397,0.2067,0.2067,0.0,0
03:38:51.397,0.2067,0.2067,0.0,0
03:38:51.568,0.7015,0.7015,0.0,0
03:38:51.810,0.6721,0.6721,0.0,0
03:38:51.875,3.0246,3.0246,0.0,0
03:38:51.884,3.0246,3.0246,0.0,0
03:38:52.113,0.6447,0.6447,0.0,0
03:38:52.113,0.6447,0.6447,0.0,0
03:38:52.420,0.4622,0.4622,0.0,0
03:38:52.420,0.4622,0.4622,0.0,0
03:38:52.421,0.4622,0.4622,0.0,0
03:38:52.621,1.3597,1.3597,0.0,0
03:38:52.836,12.3972,12.3972,0.0,0
03:38:52.996,0.9193,0.9193,0.0,0
03:38:52.996,0.9193,0.9193,0.0,0
03:38:53.103,0.4554,0.4554,0.0,0
03:38:53.104,0.4554,0.4554,0.0,0
03:38:53.308,2.6471,2.6471,0.0,0
03:38:53.309,2.6471,2.6471,0.0,0
03:38:53.512,0.194,0.194,0.0,0
03:38:53.512,0.194,0.194,0.0,0
03:38:53.512,0.194,0.194,0.0,0
03:38:53.752,0.6731,0.6731,0.0,0
03:38:53.752,0.6731,0.6731,0.0,0
03:38:53.956,1.1667,1.1667,0.0,0
03:38:53.956,1.1667,1.1667,0.0,0
03:38:54.226,0.7134,0.7134,0.0,0
03:38:54.227,0.7134,0.7134,0.0,0
03:38:54.433,2.1626,2.1626,0.0,0
03:38:54.433,2.1626,2.1626,0.0,0
03:38:54.570,3.2463,3.2463,0.0,0
03:38:54.570,3.2463,3.2463,0.0,0
03:38:54.874,0.6854,0.6854,0.0,0
03:38:54.874,0.6854,0.6854,0.0,0
03:38:55.087,0.7399,0.7399,0.0,0
03:38:55.152,0.5401,0.5401,0.0,0
03:38:55.393,2.6462,2.6462,0.0,0
03:38:55.393,2.6462,2.6462,0.0,0
03:38:55.393,2.6462,2.6462,0.0,0
03:38:55.660,0.5296,0.5296,0.0,0
03:38:55.660,0.5296,0.5296,0.0,0
03:38:55.817,0.6752,0.6752,0.0,0
03:38:55.817,0.6752,0.6752,0.0,0
03:38:56.002,0.7113,0.7113,0.0,0
03:38:56.002,0.7113,0.7113,0.0,0
03:38:56.274,1.043,1.043,0.0,0
03:38:56.480,4.6491,4.6491,0.0,0
03:38:56.726,0.1567,0.1567,0.0,0
03:38:56.726,0.1567,0.1567,0.0,0
03:36:37.568,0.7286,0.7286,0.0,1
03:36:37.868,0.7142,0.7142,0.0,1
03:36:37.969,0.6902,0.6902,0.0,1
03:36:38.273,0.6952,0.6952,0.0,1
03:36:38.483,0.6953,0.6953,0.0,1
03:36:38.649,0.6855,0.6855,0.0,1
03:36:38.788,0.6948,0.6948,0.0,1
03:36:38.993,0.6901,0.6901,0.0,1
03:36:39.198,0.6755,0.6755,0.0,1
03:36:39.467,0.7091,0.7091,0.0,1
03:36:39.670,6.6761,6.6761,0.0,1
03:36:39.874,0.6489,0.6489,0.0,1
03:36:40.058,1.074,1.074,0.0,1
03:36:40.708,0.6874,0.6874,0.0,1
03:36:40.816,0.2448,0.2448,0.0,1
03:36:40.954,0.7255,0.7255,0.0,1
03:36:41.081,0.8889,0.8889,0.0,1
03:36:41.433,0.7025,0.7025,0.0,1
03:36:42.015,1.2794,1.2794,0.0,1
03:36:42.106,0.6583,0.6583,0.0,1
03:36:42.160,0.756,0.756,0.0,1
03:36:42.228,0.6797,0.6797,0.0,1
03:36:44.215,0.7723,0.7723,0.0,1
03:36:44.472,0.6881,0.6881,0.0,1
03:36:44.530,0.6893,0.6893,0.0,1
03:36:44.579,0.6748,0.6748,0.0,1
03:36:44.639,1.8303,1.8303,0.0,1
03:36:44.722,0.8495,0.8495,0.0,1
03:36:44.827,0.7118,0.7118,0.0,1
03:36:44.988,0.6923,0.6923,0.0,1
03:36:45.081,1.2762,1.2762,0.0,1
03:36:45.219,0.384,0.384,0.0,1
03:36:45.346,0.6826,0.6826,0.0,1
03:36:45.473,0.7013,0.7013,0.0,1
03:36:45.645,0.5042,0.5042,0.0,1
03:36:45.861,1.6919,1.6919,0.0,1
03:36:46.233,0.7054,0.7054,0.0,1
03:36:46.315,0.7194,0.7194,0.0,1
03:36:46.430,0.6178,0.6178,0.0,1
03:36:46.591,0.2675,0.2675,0.0,1
03:36:46.729,0.6884,0.6884,0.0,1
03:36:47.025,0.7027,0.7027,0.0,1
03:36:47.141,0.5935,0.5935,0.0,1
03:36:47.280,1.0441,1.0441,0.0,1
03:36:47.406,0.6889,0.6889,0.0,1
03:36:47.616,2.3518,2.3518,0.0,1
03:36:47.888,0.5852,0.5852,0.0,1
03:36:48.037,0.6522,0.6522,0.0,1
03:36:48.208,0.6998,0.6998,0.0,1
03:36:48.369,0.6801,0.6801,0.0,1
03:36:48.468,0.786,0.786,0.0,1
03:36:48.590,1.3445,1.3445,0.0,1
03:36:48.661,0.6831,0.6831,0.0,1
03:36:48.777,0.6965,0.6965,0.0,1
03:36:48.914,0.7323,0.7323,0.0,1
03:36:48.974,1.185,1.185,0.0,1
03:36:49.136,0.6773,0.6773,0.0,1
03:36:49.360,0.6954,0.6954,0.0,1
03:36:49.614,0.559,0.559,0.0,1
03:36:49.727,0.1079,0.1079,0.0,1
03:36:49.954,0.6767,0.6767,0.0,1
03:36:50.131,4.4918,4.4918,0.0,1
03:36:50.245,0.4004,0.4004,0.0,1
03:36:50.890,0.1112,0.1112,0.0,1
03:36:51.001,0.6583,0.6583,0.0,1
03:36:51.150,23.2191,23.2191,0.0,1
03:36:51.296,0.5695,0.5695,0.0,1
03:36:51.540,0.7262,0.7262,0.0,1
03:36:51.734,0.6642,0.6642,0.0,1
03:36:51.884,0.0736,0.0736,0.0,1
03:36:52.130,0.6165,0.6165,0.0,1
03:36:52.265,0.6023,0.6023,0.0,1
03:36:52.412,0.6959,0.6959,0.0,1
03:36:52.575,0.6555,0.6555,0.0,1
03:36:52.737,0.6611,0.6611,0.0,1
03:36:52.961,1.1169,1.1169,0.0,1
03:36:53.111,0.6528,0.6528,0.0,1
03:36:53.474,5.2409,5.2409,0.0,1
03:36:53.611,0.526,0.526,0.0,1
03:36:53.980,0.6989,0.6989,0.0,1
03:36:54.097,0.6676,0.6676,0.0,1
03:36:54.235,1.0173,1.0173,0.0,1
03:36:54.442,0.7106,0.7106,0.0,1
03:36:54.591,0.7069,0.7069,0.0,1
03:36:54.719,0.6631,0.6631,0.0,1
03:36:54.991,0.3273,0.3273,0.0,1
03:36:55.258,0.8863,0.8863,0.0,1
03:36:55.481,0.4448,0.4448,0.0,1
03:36:55.905,48.0762,48.0762,0.0,1
03:36:56.090,0.6824,0.6824,0.0,1
03:36:56.201,0.2885,0.2885,0.0,1
03:36:56.525,0.663,0.663,0.0,1
03:36:56.657,35.3193,35.3193,0.0,1
03:36:56.839,0.2139,0.2139,0.0,1
03:36:57.171,2.8342,2.8342,0.0,1
03:36:57.251,0.666,0.666,0.0,1
03:36:57.860,1.8124,1.8124,0.0,1
03:36:58.139,0.5292,0.5292,0.0,1
03:36:58.536,0.3046,0.3046,0.0,1
03:36:58.631,0.6858,0.6858,0.0,1
03:36:58.828,1.0425,1.0425,0.0,1
03:36:59.001,0.5471,0.5471,0.0,1
03:36:59.139,0.682,0.682,0.0,1
03:37:02.536,0.677,0.677,0.0,1
03:37:02.605,1.1683,1.1683,0.0,1
03:37:02.685,0.0058,0.0058,0.0,1
03:37:02.824,0.6652,0.6652,0.0,1
03:37:02.972,0.6707,0.6707,0.0,1
03:37:03.088,0.5273,0.5273,0.0,1
03:37:03.204,0.5619,0.5619,0.0,1
03:37:03.354,0.6264,0.6264,0.0,1
03:37:03.561,0.672,0.672,0.0,1
03:37:03.732,0.6438,0.6438,0.0,1
03:37:03.870,1.4025,1.4025,0.0,1
03:37:04.020,0.6744,0.6744,0.0,1
03:37:04.136,1.6955,1.6955,0.0,1
03:37:04.263,0.5975,0.5975,0.0,1
03:37:04.457,0.529,0.529,0.0,1
03:37:04.753,0.6893,0.6893,0.0,1
03:37:04.913,2.6655,2.6655,0.0,1
03:37:05.040,0.6944,0.6944,0.0,1
03:37:05.267,1.5623,1.5623,0.0,1
03:37:05.497,0.7008,0.7008,0.0,1
03:37:05.590,0.7504,0.7504,0.0,1
03:37:05.673,1.2054,1.2054,0.0,1
03:37:05.778,0.674,0.674,0.0,1
03:37:05.951,16.3968,16.3968,0.0,1
03:37:06.112,0.5459,0.5459,0.0,1
03:37:06.206,0.3813,0.3813,0.0,1
03:37:06.357,0.6852,0.6852,0.0,1
03:37:06.440,4.3135,4.3135,0.0,1
03:37:06.522,0.6309,0.6309,0.0,1
03:37:06.583,2.6107,2.6107,0.0,1
03:37:06.654,0.6914,0.6914,0.0,1
03:37:06.725,0.2848,0.2848,0.0,1
03:37:06.817,0.6695,0.6695,0.0,1
03:37:06.877,1.6886,1.6886,0.0,1
03:37:06.993,0.7008,0.7008,0.0,1
03:37:07.109,0.5829,0.5829,0.0,1
03:37:07.225,1.0843,1.0843,0.0,1
03:37:07.399,0.6433,0.6433,0.0,1
03:37:07.559,13.8734,13.8734,0.0,1
03:37:07.697,0.4651,0.4651,0.0,1
03:37:07.778,0.7767,0.7767,0.0,1
03:37:07.904,0.6846,0.6846,0.0,1
03:37:08.031,5.7331,5.7331,0.0,1
03:37:08.147,0.6545,0.6545,0.0,1
03:37:08.241,3.8739,3.8739,0.0,1
03:37:08.334,0.7079,0.7079,0.0,1
03:37:08.439,0.6939,0.6939,0.0,1
03:37:08.588,0.7127,0.7127,0.0,1
03:37:08.718,0.2497,0.2497,0.0,1
03:37:08.842,0.687,0.687,0.0,1
03:37:09.106,0.7218,0.7218,0.0,1
03:37:09.207,0.494,0.494,0.0,1
03:37:09.371,0.4763,0.4763,0.0,1
03:37:09.475,0.6684,0.6684,0.0,1
03:37:09.689,0.7412,0.7412,0.0,1
03:37:09.940,0.2332,0.2332,0.0,1
03:37:10.201,0.5828,0.5828,0.0,1
03:37:10.436,0.6859,0.6859,0.0,1
03:37:10.531,0.6218,0.6218,0.0,1
03:37:10.828,0.3449,0.3449,0.0,1
03:37:11.050,0.6412,0.6412,0.0,1
03:37:11.136,0.6665,0.6665,0.0,1
03:37:11.316,0.6014,0.6014,0.0,1
03:37:11.656,0.1934,0.1934,0.0,1
03:37:11.993,0.8079,0.8079,0.0,1
03:37:12.097,0.6831,0.6831,0.0,1
03:37:12.320,0.233,0.233,0.0,1
03:37:12.454,2.3637,2.3637,0.0,1
03:37:12.746,0.6943,0.6943,0.0,1
03:37:13.019,0.6716,0.6716,0.0,1
03:37:13.232,0.4167,0.4167,0.0,1
03:37:13.326,0.1925,0.1925,0.0,1
03:37:13.478,0.6592,0.6592,0.0,1
03:37:13.670,43.5852,43.5852,0.0,1
03:37:13.812,0.1662,0.1662,0.0,1
03:37:14.018,3.6181,3.6181,0.0,1
03:37:14.217,0.661,0.661,0.0,1
03:37:14.422,3.2307,3.2307,0.0,1
03:37:14.626,0.7566,0.7566,0.0,1
03:37:14.904,0.1945,0.1945,0.0,1
03:37:15.152,0.7104,0.7104,0.0,1
03:37:15.351,0.6825,0.6825,0.0,1
03:37:15.548,0.696,0.696,0.0,1
03:37:15.679,0.0885,0.0885,0.0,1
03:37:15.921,0.6817,0.6817,0.0,1
03:37:16.059,0.7144,0.7144,0.0,1
03:37:16.332,0.6159,0.6159,0.0,1
03:37:16.544,1.3477,1.3477,0.0,1
03:37:16.859,0.66,0.66,0.0,1
03:37:17.093,0.568,0.568,0.0,1
03:37:17.269,0.5828,0.5828,0.0,1
03:37:17.378,0.6801,0.6801,0.0,1
03:37:17.552,3.7946,3.7946,0.0,1
03:37:17.819,0.6063,0.6063,0.0,1
03:37:18.039,1.9925,1.9925,0.0,1
03:37:18.199,0.6753,0.6753,0.0,1
03:37:18.477,0.3534,0.3534,0.0,1
03:37:18.707,0.4016,0.4016,0.0,1
03:37:18.881,1.4211,1.4211,0.0,1
03:37:19.196,0.6786,0.6786,0.0,1
03:37:19.280,1.4676,1.4676,0.0,1
03:37:19.535,0.5016,0.5016,0.0,1
03:37:19.768,0.6542,0.6542,0.0,1
03:37:19.998,0.6843,0.6843,0.0,1
03:37:20.215,0.5894,0.5894,0.0,1
03:37:20.738,0.7622,0.7622,0.0,1
03:37:20.813,0.7696,0.7696,0.0,1
03:37:20.995,0.6872,0.6872,0.0,1
03:37:21.156,0.7307,0.7307,0.0,1
03:37:21.404,0.9883,0.9883,0.0,1
03:37:21.576,1.0247,1.0247,0.0,1
03:37:21.748,0.6532,0.6532,0.0,1
03:37:21.998,0.7051,0.7051,0.0,1
03:37:22.136,0.7468,0.7468,0.0,1
03:37:22.353,0.6979,0.6979,0.0,1
03:37:22.491,0.6908,0.6908,0.0,1
03:37:22.586,0.4954,0.4954,0.0,1
03:37:22.702,0.4552,0.4552,0.0,1
03:37:22.840,0.5717,0.5717,0.0,1
03:37:23.026,0.7015,0.7015,0.0,1
03:37:23.227,0.6321,0.6321,0.0,1
03:37:23.601,1.386,1.386,0.0,1
03:37:23.746,0.6766,0.6766,0.0,1
03:37:23.957,6.9827,6.9827,0.0,1
03:37:24.163,0.4807,0.4807,0.0,1
03:37:24.318,0.7376,0.7376,0.0,1
03:37:24.525,0.6723,0.6723,0.0,1
03:37:24.778,0.4291,0.4291,0.0,1
03:37:24.993,0.6579,0.6579,0.0,1
03:37:25.143,2.8597,2.8597,0.0,1
03:37:25.359,0.6885,0.6885,0.0,1
03:37:25.485,0.5669,0.5669,0.0,1
03:37:25.688,0.7127,0.7127,0.0,1
03:37:25.891,0.8793,0.8793,0.0,1
03:37:26.162,0.6862,0.6862,0.0,1
03:37:26.433,0.6961,0.6961,0.0,1
03:37:26.534,0.6347,0.6347,0.0,1
03:37:26.820,0.3859,0.3859,0.0,1
03:37:26.960,0.6709,0.6709,0.0,1
03:37:27.181,0.2759,0.2759,0.0,1
03:37:27.328,0.6174,0.6174,0.0,1
03:37:27.596,1.0184,1.0184,0.0,1
03:37:27.801,0.6947,0.6947,0.0,1
03:37:27.936,1.3881,1.3881,0.0,1
03:37:28.248,1.0897,1.0897,0.0,1
03:37:28.414,0.7132,0.7132,0.0,1
03:37:28.521,0.6596,0.6596,0.0,1
03:37:28.818,2.5168,2.5168,0.0,1
03:37:29.059,0.9877,0.9877,0.0,1
03:37:29.252,0.678,0.678,0.0,1
03:37:29.441,0.6577,0.6577,0.0,1
03:37:29.737,2.6651,2.6651,0.0,1
03:37:29.864,0.1495,0.1495,0.0,1
03:37:29.993,0.695,0.695,0.0,1
03:37:30.259,0.6591,0.6591,0.0,1
03:37:30.503,1.392,1.392,0.0,1
03:37:30.748,1.4445,1.4445,0.0,1
03:37:30.830,0.6695,0.6695,0.0,1
03:37:31.101,24.7151,24.7151,0.0,1
03:37:31.283,0.3198,0.3198,0.0,1
03:37:31.423,0.9967,0.9967,0.0,1
03:37:31.627,0.658,0.658,0.0,1
03:37:31.832,0.7089,0.7089,0.0,1
03:37:32.034,1.5879,1.5879,0.0,1
03:37:32.241,0.7,0.7,0.0,1
03:37:32.514,0.6824,0.6824,0.0,1
03:37:32.651,2.3234,2.3234,0.0,1
03:37:32.855,0.5229,0.5229,0.0,1
03:37:33.060,0.6315,0.6315,0.0,1
03:37:33.264,0.7038,0.7038,0.0,1
03:37:33.474,17.6252,17.6252,0.0,1
03:37:33.676,0.6179,0.6179,0.0,1
03:37:33.892,0.6047,0.6047,0.0,1
03:37:34.147,0.684,0.684,0.0,1
03:37:34.358,2.5577,2.5577,0.0,1
03:37:34.588,0.509,0.509,0.0,1
03:37:34.741,1.1895,1.1895,0.0,1
03:37:34.906,0.6876,0.6876,0.0,1
03:37:35.168,4.3679,4.3679,0.0,1
03:37:35.351,0.6955,0.6955,0.0,1
03:37:35.530,0.4848,0.4848,0.0,1
03:37:35.722,0.6928,0.6928,0.0,1
03:37:35.936,4.2326,4.2326,0.0,1
03:37:36.144,0.4992,0.4992,0.0,1
03:37:36.353,0.7739,0.7739,0.0,1
03:37:36.558,0.6866,0.6866,0.0,1
03:37:36.771,3.1001,3.1001,0.0,1
03:37:36.971,1.4342,1.4342,0.0,1
03:37:37.180,0.7122,0.7122,0.0,1
03:37:37.373,0.6733,0.6733,0.0,1
03:37:37.580,7.3145,7.3145,0.0,1
03:37:37.795,0.4535,0.4535,0.0,1
03:37:38.070,0.6737,0.6737,0.0,1
03:37:38.202,0.6859,0.6859,0.0,1
03:37:38.415,3.2534,3.2534,0.0,1
03:37:38.642,0.656,0.656,0.0,1
03:37:38.848,0.8081,0.8081,0.0,1
03:37:39.050,0.6549,0.6549,0.0,1
03:37:39.264,2.6486,2.6486,0.0,1
03:37:39.467,0.6477,0.6477,0.0,1
03:37:39.664,0.7138,0.7138,0.0,1
03:37:39.872,0.6866,0.6866,0.0,1
03:37:40.098,1.221,1.221,0.0,1
03:37:40.296,0.4865,0.4865,0.0,1
03:37:40.486,0.578,0.578,0.0,1
03:37:40.690,0.6796,0.6796,0.0,1
03:37:40.904,0.2621,0.2621,0.0,1
03:37:41.108,0.6062,0.6062,0.0,1
03:37:41.308,0.6605,0.6605,0.0,1
03:37:41.514,0.5826,0.5826,0.0,1
03:37:41.750,0.2594,0.2594,0.0,1
03:37:41.953,0.4198,0.4198,0.0,1
03:37:42.152,0.6706,0.6706,0.0,1
03:37:42.393,0.6752,0.6752,0.0,1
03:37:42.604,1.5629,1.5629,0.0,1
03:37:42.853,0.4403,0.4403,0.0,1
03:37:42.960,0.6912,0.6912,0.0,1
03:37:43.200,0.6745,0.6745,0.0,1
03:37:43.403,0.5477,0.5477,0.0,1
03:37:43.609,0.0237,0.0237,0.0,1
03:37:43.875,0.689,0.689,0.0,1
03:37:44.015,23.354,23.354,0.0,1
03:37:44.285,0.8366,0.8366,0.0,1
03:37:44.428,0.1239,0.1239,0.0,1
03:37:44.698,0.6713,0.6713,0.0,1
03:37:44.946,3.0986,3.0986,0.0,1
03:37:45.174,0.7697,0.7697,0.0,1
03:37:45.312,0.5297,0.5297,0.0,1
03:37:45.453,0.6788,0.6788,0.0,1
03:37:45.726,0.9608,0.9608,0.0,1
03:37:45.823,1.0431,1.0431,0.0,1
03:37:46.031,2.2285,2.2285,0.0,1
03:37:46.269,0.658,0.658,0.0,1
03:37:46.475,1.8159,1.8159,0.0,1
03:37:46.744,0.6722,0.6722,0.0,1
03:37:46.948,0.7028,0.7028,0.0,1
03:37:47.090,0.6946,0.6946,0.0,1
03:37:47.293,2.6731,2.6731,0.0,1
03:37:47.497,1.1163,1.1163,0.0,1
03:37:47.708,0.6744,0.6744,0.0,1
03:37:47.911,0.7268,0.7268,0.0,1
03:37:48.212,0.4228,0.4228,0.0,1
03:37:48.431,1.1201,1.1201,0.0,1
03:37:48.522,0.7033,0.7033,0.0,1
03:37:48.796,0.6786,0.6786,0.0,1
03:37:48.930,0.0905,0.0905,0.0,1
03:37:49.136,1.0771,1.0771,0.0,1
03:37:49.345,0.6736,0.6736,0.0,1
03:37:49.615,0.6892,0.6892,0.0,1
03:37:49.751,0.4104,0.4104,0.0,1
03:37:50.025,1.747,1.747,0.0,1
03:37:50.272,0.7243,0.7243,0.0,1
03:37:50.444,4.5963,4.5963,0.0,1
03:37:50.570,0.8874,0.8874,0.0,1
03:37:50.841,0.349,0.349,0.0,1
03:37:50.990,0.692,0.692,0.0,1
03:37:51.184,0.5783,0.5783,0.0,1
03:37:51.457,0.4815,0.4815,0.0,1
03:37:51.664,1.5785,1.5785,0.0,1
03:37:51.805,0.6595,0.6595,0.0,1
03:37:52.003,0.4402,0.4402,0.0,1
03:37:52.275,0.2987,0.2987,0.0,1
03:37:52.421,0.3374,0.3374,0.0,1
03:37:52.617,0.6871,0.6871,0.0,1
03:37:52.894,0.5796,0.5796,0.0,1
03:37:53.135,0.4769,0.4769,0.0,1
03:37:53.232,0.6935,0.6935,0.0,1
03:37:53.453,1.4278,1.4278,0.0,1
03:37:53.654,0.7586,0.7586,0.0,1
03:37:53.912,0.7839,0.7839,0.0,1
03:37:54.118,0.682,0.682,0.0,1
03:37:54.257,3.9329,3.9329,0.0,1
03:37:54.462,0.7037,0.7037,0.0,1
03:37:54.736,1.1801,1.1801,0.0,1
03:37:54.936,0.6885,0.6885,0.0,1
03:37:55.141,0.3826,0.3826,0.0,1
03:37:55.347,0.708,0.708,0.0,1
03:37:55.487,1.0974,1.0974,0.0,1
03:37:55.757,0.6811,0.6811,0.0,1
03:37:55.892,1.1312,1.1312,0.0,1
03:37:56.207,0.6081,0.6081,0.0,1
03:37:56.273,0.3771,0.3771,0.0,1
03:37:56.506,0.6672,0.6672,0.0,1
03:37:56.816,1.2449,1.2449,0.0,1
03:37:57.018,0.3574,0.3574,0.0,1
03:37:57.090,0.6317,0.6317,0.0,1
03:37:57.326,0.6846,0.6846,0.0,1
03:37:57.535,1.0583,1.0583,0.0,1
03:37:57.809,0.6674,0.6674,0.0,1
03:37:57.944,0.6566,0.6566,0.0,1
03:37:58.158,0.6884,0.6884,0.0,1
03:37:58.419,1.1726,1.1726,0.0,1
03:37:58.560,0.6512,0.6512,0.0,1
03:37:58.832,0.7522,0.7522,0.0,1
03:37:58.972,0.6768,0.6768,0.0,1
03:37:59.243,1.125,1.125,0.0,1
03:37:59.377,0.4992,0.4992,0.0,1
03:37:59.579,0.2038,0.2038,0.0,1
03:37:59.787,0.6745,0.6745,0.0,1
03:38:00.091,1.1659,1.1659,0.0,1
03:38:00.308,0.4577,0.4577,0.0,1
03:38:00.475,0.7817,0.7817,0.0,1
03:38:00.606,0.6677,0.6677,0.0,1
03:38:00.879,0.6635,0.6635,0.0,1
03:38:01.127,0.5877,0.5877,0.0,1
03:38:01.189,0.7094,0.7094,0.0,1
03:38:01.429,0.6776,0.6776,0.0,1
03:38:01.798,15.8743,15.8743,0.0,1
03:38:02.005,0.4971,0.4971,0.0,1
03:38:02.111,1.4098,1.4098,0.0,1
03:38:02.272,0.6734,0.6734,0.0,1
03:38:02.432,24.3268,24.3268,0.0,1
03:38:02.678,0.4508,0.4508,0.0,1
03:38:02.852,0.4502,0.4502,0.0,1
03:38:03.068,0.7041,0.7041,0.0,1
03:38:03.236,0.6646,0.6646,0.0,1
03:38:03.469,0.4936,0.4936,0.0,1
03:38:03.686,0.713,0.713,0.0,1
03:38:03.850,0.7752,0.7752,0.0,1
03:38:04.097,0.6536,0.6536,0.0,1
03:38:04.260,1.3274,1.3274,0.0,1
03:38:04.465,0.7368,0.7368,0.0,1
03:38:04.702,0.6546,0.6546,0.0,1
03:38:04.910,0.6646,0.6646,0.0,1
03:38:05.113,0.8571,0.8571,0.0,1
03:38:05.315,0.5618,0.5618,0.0,1
03:38:05.523,0.8546,0.8546,0.0,1
03:38:05.724,0.663,0.663,0.0,1
03:38:05.931,3.5899,3.5899,0.0,1
03:38:06.134,0.7077,0.7077,0.0,1
03:38:06.342,0.6125,0.6125,0.0,1
03:38:06.546,0.6572,0.6572,0.0,1
03:38:06.749,4.5275,4.5275,0.0,1
03:38:06.955,1.0304,1.0304,0.0,1
03:38:07.158,0.4495,0.4495,0.0,1
03:38:07.365,0.6618,0.6618,0.0,1
03:38:07.569,17.2307,17.2307,0.0,1
03:38:07.777,0.3707,0.3707,0.0,1
03:38:07.981,0.098,0.098,0.0,1
03:38:08.194,0.673,0.673,0.0,1
03:38:08.387,0.6729,0.6729,0.0,1
03:38:08.594,1.176,1.176,0.0,1
03:38:08.797,0.4752,0.4752,0.0,1
03:38:09.004,0.6054,0.6054,0.0,1
03:38:09.207,0.6794,0.6794,0.0,1
03:38:09.412,0.0728,0.0728,0.0,1
03:38:09.616,0.4416,0.4416,0.0,1
03:38:09.822,0.4968,0.4968,0.0,1
03:38:10.028,0.6474,0.6474,0.0,1
03:38:10.238,2.1806,2.1806,0.0,1
03:38:10.516,0.4572,0.4572,0.0,1
03:38:10.648,0.4985,0.4985,0.0,1
03:38:10.858,0.6688,0.6688,0.0,1
03:38:11.067,0.824,0.824,0.0,1
03:38:11.275,0.4556,0.4556,0.0,1
03:38:11.512,0.7015,0.7015,0.0,1
03:38:11.736,0.698,0.698,0.0,1
03:38:11.932,2.7946,2.7946,0.0,1
03:38:12.132,0.6854,0.6854,0.0,1
03:38:12.348,0.6694,0.6694,0.0,1
03:38:12.534,0.6439,0.6439,0.0,1
03:38:12.750,0.6266,0.6266,0.0,1
03:38:12.956,0.8386,0.8386,0.0,1
03:38:13.160,0.6923,0.6923,0.0,1
03:38:13.376,1.3462,1.3462,0.0,1
03:38:13.572,0.6156,0.6156,0.0,1
03:38:13.853,0.7407,0.7407,0.0,1
03:38:14.059,0.6222,0.6222,0.0,1
03:38:14.353,0.5282,0.5282,0.0,1
03:38:14.405,1.9235,1.9235,0.0,1
03:38:14.657,0.6851,0.6851,0.0,1
03:38:14.848,0.4891,0.4891,0.0,1
03:38:15.034,0.7998,0.7998,0.0,1
03:38:15.266,0.7586,0.7586,0.0,1
03:38:15.458,0.7159,0.7159,0.0,1
03:38:15.661,0.597,0.597,0.0,1
03:38:15.991,0.5751,0.5751,0.0,1
03:38:16.200,1.7373,1.7373,0.0,1
03:38:16.365,0.563,0.563,0.0,1
03:38:16.638,0.575,0.575,0.0,1
03:38:16.863,1.1856,1.1856,0.0,1
03:38:17.021,1.1751,1.1751,0.0,1
03:38:17.166,0.3462,0.3462,0.0,1
03:38:17.375,13.5615,13.5615,0.0,1
03:38:17.512,0.4321,0.4321,0.0,1
03:38:17.894,1.0534,1.0534,0.0,1
03:38:18.101,0.5312,0.5312,0.0,1
03:38:18.371,0.2578,0.2578,0.0,1
03:38:18.466,0.6647,0.6647,0.0,1
03:38:18.610,0.4303,0.4303,0.0,1
03:38:18.716,19.6614,19.6614,0.0,1
03:38:18.903,0.3495,0.3495,0.0,1
03:38:19.143,2.3681,2.3681,0.0,1
03:38:19.466,0.675,0.675,0.0,1
03:38:19.667,0.1294,0.1294,0.0,1
03:38:19.823,0.9303,0.9303,0.0,1
03:38:19.922,0.5916,0.5916,0.0,1
03:38:20.130,1.937,1.937,0.0,1
03:38:20.372,20.8772,20.8772,0.0,1
03:38:20.638,0.6362,0.6362,0.0,1
03:38:20.843,0.6018,0.6018,0.0,1
03:38:21.056,0.6558,0.6558,0.0,1
03:38:21.205,3.8439,3.8439,0.0,1
03:38:21.364,0.217,0.217,0.0,1
03:38:21.601,0.6973,0.6973,0.0,1
03:38:21.804,0.9891,0.9891,0.0,1
03:38:22.074,1.4517,1.4517,0.0,1
03:38:22.282,3.2863,3.2863,0.0,1
03:38:22.381,0.5554,0.5554,0.0,1
03:38:22.593,0.3154,0.3154,0.0,1
03:38:22.828,0.664,0.664,0.0,1
03:38:23.096,0.4224,0.4224,0.0,1
03:38:23.303,0.6651,0.6651,0.0,1
03:38:23.412,0.2212,0.2212,0.0,1
03:38:23.660,0.1207,0.1207,0.0,1
03:38:23.956,0.5876,0.5876,0.0,1
03:38:24.024,0.4822,0.4822,0.0,1
03:38:24.264,12.3297,12.3297,0.0,1
03:38:24.530,0.6161,0.6161,0.0,1
03:38:24.673,1.1463,1.1463,0.0,1
03:38:24.873,1.6182,1.6182,0.0,1
03:38:25.145,4.1028,4.1028,0.0,1
03:38:25.283,0.7885,0.7885,0.0,1
03:38:25.553,0.707,0.707,0.0,1
03:38:25.762,6.321,6.321,0.0,1
03:38:25.867,5.0762,5.0762,0.0,1
03:38:26.108,0.9594,0.9594,0.0,1
03:38:26.312,0.8902,0.8902,0.0,1
03:38:26.514,1.3977,1.3977,0.0,1
03:38:26.718,5.7529,5.7529,0.0,1
03:38:26.987,5.1392,5.1392,0.0,1
03:38:27.192,0.2512,0.2512,0.0,1
03:38:27.334,0.0886,0.0886,0.0,1
03:38:27.536,0.6046,0.6046,0.0,1
03:38:27.744,0.5208,0.5208,0.0,1
03:38:28.013,1.1932,1.1932,0.0,1
03:38:28.216,1.4169,1.4169,0.0,1
03:38:28.421,0.7094,0.7094,0.0,1
03:38:28.559,0.6253,0.6253,0.0,1
03:38:28.866,1.6959,1.6959,0.0,1
03:38:29.081,0.6704,0.6704,0.0,1
03:38:29.178,0.5444,0.5444,0.0,1
03:38:29.444,11.2306,11.2306,0.0,1
03:38:29.683,0.6914,0.6914,0.0,1
03:38:29.855,2.1178,2.1178,0.0,1
03:38:29.954,12.5039,12.5039,0.0,1
03:38:30.165,0.4802,0.4802,0.0,1
03:38:30.401,0.3712,0.3712,0.0,1
03:38:30.673,1.5082,1.5082,0.0,1
03:38:30.894,3.4952,3.4952,0.0,1
03:38:31.048,9.1189,9.1189,0.0,1
03:38:31.331,0.6866,0.6866,0.0,1
03:38:31.497,0.1235,0.1235,0.0,1
03:38:31.647,2.8385,2.8385,0.0,1
03:38:31.803,6.2173,6.2173,0.0,1
03:38:32.050,0.7769,0.7769,0.0,1
03:38:32.251,1.2813,1.2813,0.0,1
03:38:32.453,1.7579,1.7579,0.0,1
03:38:32.655,0.6108,0.6108,0.0,1
03:38:32.930,0.8813,0.8813,0.0,1
03:38:33.134,0.6532,0.6532,0.0,1
03:38:33.380,0.0751,0.0751,0.0,1
03:38:33.543,0.6419,0.6419,0.0,1
03:38:33.691,0.6816,0.6816,0.0,1
03:38:33.988,0.6357,0.6357,0.0,1
03:38:34.159,0.6252,0.6252,0.0,1
03:38:34.296,0.6461,0.6461,0.0,1
03:38:34.570,0.6444,0.6444,0.0,1
03:38:34.667,0.5132,0.5132,0.0,1
03:38:34.877,1.6862,1.6862,0.0,1
03:38:35.116,0.5926,0.5926,0.0,1
03:38:35.385,0.6096,0.6096,0.0,1
03:38:35.591,0.6555,0.6555,0.0,1
03:38:35.845,0.6172,0.6172,0.0,1
03:38:35.903,1.2016,1.2016,0.0,1
03:38:36.105,0.6753,0.6753,0.0,1
03:38:36.309,0.7026,0.7026,0.0,1
03:38:36.545,0.6393,0.6393,0.0,1
03:38:36.754,0.6133,0.6133,0.0,1
03:38:36.960,0.6378,0.6378,0.0,1
03:38:37.232,2.4026,2.4026,0.0,1
03:38:37.474,0.7165,0.7165,0.0,1
03:38:37.639,2.6996,2.6996,0.0,1
03:38:37.742,0.6656,0.6656,0.0,1
03:38:37.982,0.6311,0.6311,0.0,1
03:38:38.187,0.6137,0.6137,0.0,1
03:38:38.456,0.6125,0.6125,0.0,1
03:38:38.597,0.158,0.158,0.0,1
03:38:38.800,0.7197,0.7197,0.0,1
03:38:39.070,0.5376,0.5376,0.0,1
03:38:39.277,0.6715,0.6715,0.0,1
03:38:39.554,0.6117,0.6117,0.0,1
03:38:39.586,0.5474,0.5474,0.0,1
03:38:39.799,0.7843,0.7843,0.0,1
03:38:40.033,1.0062,1.0062,0.0,1
03:38:40.234,4.0767,4.0767,0.0,1
03:38:40.455,0.6798,0.6798,0.0,1
03:38:40.715,0.6578,0.6578,0.0,1
03:38:40.850,0.6475,0.6475,0.0,1
03:38:41.053,0.6945,0.6945,0.0,1
03:38:41.262,0.1391,0.1391,0.0,1
03:38:41.533,0.6422,0.6422,0.0,1
03:38:41.674,4.0213,4.0213,0.0,1
03:38:41.871,0.6621,0.6621,0.0,1
03:38:42.147,0.6445,0.6445,0.0,1
03:38:42.283,0.7031,0.7031,0.0,1
03:38:42.591,0.6399,0.6399,0.0,1
03:38:42.696,1.9315,1.9315,0.0,1
03:38:42.897,0.6799,0.6799,0.0,1
03:38:43.103,0.2797,0.2797,0.0,1
03:38:43.304,0.6658,0.6658,0.0,1
03:38:43.581,0.6413,0.6413,0.0,1
03:38:43.823,0.6438,0.6438,0.0,1
03:38:43.991,0.6586,0.6586,0.0,1
03:38:44.124,0.8914,0.8914,0.0,1
03:38:44.399,4.818,4.818,0.0,1
03:38:44.539,0.612,0.612,0.0,1
03:38:44.738,0.6724,0.6724,0.0,1
03:38:44.946,0.6354,0.6354,0.0,1
03:38:45.214,0.1738,0.1738,0.0,1
03:38:45.424,0.6826,0.6826,0.0,1
03:38:45.559,1.6243,1.6243,0.0,1
03:38:45.764,0.7032,0.7032,0.0,1
03:38:46.043,0.1783,0.1783,0.0,1
03:38:46.225,0.9334,0.9334,0.0,1
03:38:46.490,34.3017,34.3017,0.0,1
03:38:46.588,0.4127,0.4127,0.0,1
03:38:46.794,0.7246,0.7246,0.0,1
03:38:47.114,2.137,2.137,0.0,1
03:38:47.284,2.1396,2.1396,0.0,1
03:38:47.416,0.6772,0.6772,0.0,1
03:38:47.618,0.8786,0.8786,0.0,1
03:38:47.829,0.7172,0.7172,0.0,1
03:38:48.081,0.4129,0.4129,0.0,1
03:38:48.228,2.5895,2.5895,0.0,1
03:38:48.428,0.6795,0.6795,0.0,1
03:38:48.711,0.786,0.786,0.0,1
03:38:48.963,0.113,0.113,0.0,1
03:38:49.119,20.2873,20.2873,0.0,1
03:38:49.253,3.2084,3.2084,0.0,1
03:38:49.521,0.6607,0.6607,0.0,1
03:38:49.762,0.6333,0.6333,0.0,1
03:38:49.859,0.9335,0.9335,0.0,1
03:38:50.068,0.7038,0.7038,0.0,1
03:38:50.334,1.1091,1.1091,0.0,1
03:38:50.474,0.701,0.701,0.0,1
03:38:50.746,0.9711,0.9711,0.0,1
03:38:50.990,3.1952,3.1952,0.0,1
03:38:51.118,0.6461,0.6461,0.0,1
03:38:51.397,0.2067,0.2067,0.0,1
03:38:51.568,0.7015,0.7015,0.0,1
03:38:51.811,0.6721,0.6721,0.0,1
03:38:51.877,3.0246,3.0246,0.0,1
03:38:52.113,0.6447,0.6447,0.0,1
03:38:52.421,0.4622,0.4622,0.0,1
03:38:52.621,1.3597,1.3597,0.0,1
03:38:52.836,12.3972,12.3972,0.0,1
03:38:52.996,0.9193,0.9193,0.0,1
03:38:53.104,0.4554,0.4554,0.0,1
03:38:53.309,2.6471,2.6471,0.0,1
03:38:53.513,0.194,0.194,0.0,1
03:38:53.753,0.6731,0.6731,0.0,1
03:38:53.956,1.1667,1.1667,0.0,1
03:38:54.227,0.7134,0.7134,0.0,1
03:38:54.434,2.1626,2.1626,0.0,1
03:38:54.570,3.2463,3.2463,0.0,1
03:38:54.874,0.6854,0.6854,0.0,1
03:38:55.087,0.7399,0.7399,0.0,1
03:38:55.152,0.5401,0.5401,0.0,1
03:38:55.393,2.6462,2.6462,0.0,1
03:38:55.660,0.5296,0.5296,0.0,1
03:38:55.841,0.6752,0.6752,0.0,1
03:38:56.002,0.7113,0.7113,0.0,1
03:38:56.274,1.043,1.043,0.0,1
03:38:56.480,4.6491,4.6491,0.0,1
03:38:56.726,0.1567,0.1567,0.0,1
03:41:14.899,0.7231,0.7231,0.0,2
03:41:15.565,0.6851,0.6851,0.0,2
03:41:15.892,0.6458,0.6458,0.0,2
03:41:16.130,0.4885,0.4885,0.0,2
03:41:16.358,1.2611,1.2611,0.0,2
03:41:16.635,0.6763,0.6763,0.0,2
03:41:16.845,0.6315,0.6315,0.0,2
03:41:17.028,1.007,1.007,0.0,2
03:41:17.312,0.6756,0.6756,0.0,2
03:41:17.550,0.6526,0.6526,0.0,2
03:41:17.744,0.6835,0.6835,0.0,2
03:41:17.927,0.6015,0.6015,0.0,2
03:41:18.043,0.3531,0.3531,0.0,2
03:41:18.258,0.6922,0.6922,0.0,2
03:41:18.420,0.7941,0.7941,0.0,2
03:41:18.579,0.6507,0.6507,0.0,2
03:41:19.051,0.6871,0.6871,0.0,2
03:41:19.256,0.6202,0.6202,0.0,2
03:41:19.438,0.6711,0.6711,0.0,2
03:41:19.687,0.7039,0.7039,0.0,2
03:41:19.837,0.7159,0.7159,0.0,2
03:41:19.982,0.6838,0.6838,0.0,2
03:41:20.120,0.9134,0.9134,0.0,2
03:41:20.211,0.6604,0.6604,0.0,2
03:41:20.325,0.6708,0.6708,0.0,2
03:41:20.471,0.6648,0.6648,0.0,2
03:41:20.563,0.653,0.653,0.0,2
03:41:21.141,0.7114,0.7114,0.0,2
03:41:21.223,0.6484,0.6484,0.0,2
03:41:21.326,0.7086,0.7086,0.0,2
03:41:21.604,0.6839,0.6839,0.0,2
03:41:21.675,0.6744,0.6744,0.0,2
03:41:21.744,0.5173,0.5173,0.0,2
03:41:21.857,0.7425,0.7425,0.0,2
03:41:22.295,0.6915,0.6915,0.0,2
03:41:22.440,0.6888,0.6888,0.0,2
03:41:22.727,0.6889,0.6889,0.0,2
03:41:22.859,0.6767,0.6767,0.0,2
03:41:22.939,0.6557,0.6557,0.0,2
03:41:23.187,0.2968,0.2968,0.0,2
03:41:23.265,0.6641,0.6641,0.0,2
03:41:23.380,0.3675,0.3675,0.0,2
03:41:23.732,0.6815,0.6815,0.0,2
03:41:23.809,1.0495,1.0495,0.0,2
03:41:23.964,0.6703,0.6703,0.0,2
03:41:24.127,0.7752,0.7752,0.0,2
03:41:24.262,0.6769,0.6769,0.0,2
03:41:24.513,0.7077,0.7077,0.0,2
03:41:24.653,0.6709,0.6709,0.0,2
03:41:24.936,0.6548,0.6548,0.0,2
03:41:25.073,0.7221,0.7221,0.0,2
03:41:25.359,0.702,0.702,0.0,2
03:41:25.583,0.8969,0.8969,0.0,2
03:41:26.091,0.6668,0.6668,0.0,2
03:41:26.199,0.8449,0.8449,0.0,2
03:41:26.335,0.6892,0.6892,0.0,2
03:41:26.482,1.0166,1.0166,0.0,2
03:41:26.633,0.5608,0.5608,0.0,2
03:41:26.793,0.6713,0.6713,0.0,2
03:41:26.935,0.71,0.71,0.0,2
03:41:27.176,0.6407,0.6407,0.0,2
03:41:27.350,0.6157,0.6157,0.0,2
03:41:27.982,0.5944,0.5944,0.0,2
03:41:28.641,0.5583,0.5583,0.0,2
03:41:28.782,0.6768,0.6768,0.0,2
03:41:28.895,0.72,0.72,0.0,2
03:41:29.065,0.6442,0.6442,0.0,2
03:41:29.210,0.6676,0.6676,0.0,2
03:41:29.324,0.664,0.664,0.0,2
03:41:29.460,0.7787,0.7787,0.0,2
03:41:29.540,0.8451,0.8451,0.0,2
03:41:29.654,0.6948,0.6948,0.0,2
03:41:30.035,0.7304,0.7304,0.0,2
03:41:30.500,0.794,0.794,0.0,2
03:41:30.661,0.7293,0.7293,0.0,2
03:41:30.752,0.608,0.608,0.0,2
03:41:30.866,0.6493,0.6493,0.0,2
03:41:31.057,0.8494,0.8494,0.0,2
03:41:31.182,0.6698,0.6698,0.0,2
03:41:31.351,0.7906,0.7906,0.0,2
03:41:31.516,0.9706,0.9706,0.0,2
03:41:31.743,0.6669,0.6669,0.0,2
03:41:31.968,0.6289,0.6289,0.0,2
03:41:32.092,0.8105,0.8105,0.0,2
03:41:32.206,0.6593,0.6593,0.0,2
03:41:32.364,0.4758,0.4758,0.0,2
03:41:32.497,1.051,1.051,0.0,2
03:41:32.725,0.6966,0.6966,0.0,2
03:41:32.849,0.5814,0.5814,0.0,2
03:41:33.041,0.6434,0.6434,0.0,2
03:41:33.244,0.6904,0.6904,0.0,2
03:41:33.526,0.6568,0.6568,0.0,2
03:41:33.728,0.6611,0.6611,0.0,2
03:41:34.445,0.5981,0.5981,0.0,2
03:41:34.566,0.6645,0.6645,0.0,2
03:41:34.657,0.6067,0.6067,0.0,2
03:41:34.770,0.6846,0.6846,0.0,2
03:41:34.893,0.7489,0.7489,0.0,2
03:41:34.997,0.7726,0.7726,0.0,2
03:41:35.190,0.6718,0.6718,0.0,2
03:41:35.638,0.6234,0.6234,0.0,2
03:41:35.761,0.7111,0.7111,0.0,2
03:41:35.945,0.7486,0.7486,0.0,2
03:41:36.251,0.6126,0.6126,0.0,2
03:41:36.571,0.706,0.706,0.0,2
03:41:36.648,0.688,0.688,0.0,2
03:41:36.750,0.4258,0.4258,0.0,2
03:41:37.399,1.136,1.136,0.0,2
03:41:37.521,2.1914,2.1914,0.0,2
03:41:37.613,0.6503,0.6503,0.0,2
03:41:37.727,0.6662,0.6662,0.0,2
03:41:37.829,0.6673,0.6673,0.0,2
03:41:38.098,0.6901,0.6901,0.0,2
03:41:38.233,0.7282,0.7282,0.0,2
03:41:38.501,0.6535,0.6535,0.0,2
03:41:38.673,0.8054,0.8054,0.0,2
03:41:38.937,0.7849,0.7849,0.0,2
03:41:39.195,0.6735,0.6735,0.0,2
03:41:39.312,0.6741,0.6741,0.0,2
03:41:39.426,0.6584,0.6584,0.0,2
03:41:40.333,0.6385,0.6385,0.0,2
03:41:40.409,0.6492,0.6492,0.0,2
03:41:40.533,0.6886,0.6886,0.0,2
03:41:40.647,0.5498,0.5498,0.0,2
03:41:40.771,0.6732,0.6732,0.0,2
03:41:40.862,0.0722,0.0722,0.0,2
03:41:40.949,0.6679,0.6679,0.0,2
03:41:41.034,0.6211,0.6211,0.0,2
03:41:41.160,0.6502,0.6502,0.0,2
03:41:41.293,0.6767,0.6767,0.0,2
03:41:41.550,0.6685,0.6685,0.0,2
03:41:41.924,0.7147,0.7147,0.0,2
03:41:42.035,0.6607,0.6607,0.0,2
03:41:42.289,0.7607,0.7607,0.0,2
03:41:42.353,0.6549,0.6549,0.0,2
03:41:42.577,0.6622,0.6622,0.0,2
03:41:43.049,0.6602,0.6602,0.0,2
03:41:43.180,0.5992,0.5992,0.0,2
03:41:43.283,0.6587,0.6587,0.0,2
03:41:43.461,0.5791,0.5791,0.0,2
03:41:44.003,0.6785,0.6785,0.0,2
03:41:44.123,0.7784,0.7784,0.0,2
03:41:44.204,0.7274,0.7274,0.0,2
03:41:44.284,0.7255,0.7255,0.0,2
03:41:44.612,0.6711,0.6711,0.0,2
03:41:44.721,0.6653,0.6653,0.0,2
03:41:45.340,0.6475,0.6475,0.0,2
03:41:45.449,0.656,0.656,0.0,2
03:41:45.562,0.6844,0.6844,0.0,2
03:41:45.698,0.69,0.69,0.0,2
03:41:46.006,0.681,0.681,0.0,2
03:41:46.091,0.7013,0.7013,0.0,2
03:41:46.227,0.4183,0.4183,0.0,2
03:41:46.329,0.6875,0.6875,0.0,2
03:41:46.909,0.7245,0.7245,0.0,2
03:41:46.979,0.6264,0.6264,0.0,2
03:41:47.048,0.616,0.616,0.0,2
03:41:47.151,0.6416,0.6416,0.0,2
03:41:47.320,0.6416,0.6416,0.0,2
03:41:47.399,0.6371,0.6371,0.0,2
03:41:47.522,0.7269,0.7269,0.0,2
03:41:47.746,0.6932,0.6932,0.0,2
03:41:47.935,0.664,0.664,0.0,2
03:41:48.144,0.6811,0.6811,0.0,2
03:41:48.409,0.6634,0.6634,0.0,2
03:41:48.616,0.6457,0.6457,0.0,2
03:41:48.921,0.6859,0.6859,0.0,2
03:41:49.008,0.747,0.747,0.0,2
03:41:49.162,0.6731,0.6731,0.0,2
03:41:49.367,0.6726,0.6726,0.0,2
03:41:49.570,0.6694,0.6694,0.0,2
03:41:49.775,0.698,0.698,0.0,2
03:41:50.046,0.713,0.713,0.0,2
03:41:50.547,0.7492,0.7492,0.0,2
03:41:50.616,0.6608,0.6608,0.0,2
03:41:50.729,0.6659,0.6659,0.0,2
03:41:51.030,0.8043,0.8043,0.0,2
03:41:51.292,0.7088,0.7088,0.0,2
03:41:51.359,0.668,0.668,0.0,2
03:41:51.649,0.6423,0.6423,0.0,2
03:41:51.845,0.8887,0.8887,0.0,2
03:41:51.957,0.7126,0.7126,0.0,2
03:41:52.097,0.6529,0.6529,0.0,2
03:41:52.382,0.6866,0.6866,0.0,2
03:41:52.607,0.6959,0.6959,0.0,2
03:41:52.837,0.606,0.606,0.0,2
03:41:53.024,0.7622,0.7622,0.0,2
03:41:53.165,0.7752,0.7752,0.0,2
03:41:53.280,0.405,0.405,0.0,2
03:41:53.500,0.6923,0.6923,0.0,2
03:41:53.800,0.6134,0.6134,0.0,2
03:41:53.947,0.6554,0.6554,0.0,2
03:41:54.098,0.618,0.618,0.0,2
03:41:54.381,0.2235,0.2235,0.0,2
03:41:54.615,0.6967,0.6967,0.0,2
03:41:54.807,0.6403,0.6403,0.0,2
03:41:54.994,0.775,0.775,0.0,2
03:41:55.298,0.8566,0.8566,0.0,2
03:41:55.480,0.6194,0.6194,0.0,2
03:41:55.633,0.6223,0.6223,0.0,2
03:41:55.838,0.6576,0.6576,0.0,2
03:41:56.079,0.6181,0.6181,0.0,2
03:41:56.206,0.6962,0.6962,0.0,2
03:41:56.444,0.6728,0.6728,0.0,2
03:41:56.701,0.618,0.618,0.0,2
03:41:56.860,0.6935,0.6935,0.0,2
03:41:57.116,0.6273,0.6273,0.0,2
03:41:57.173,0.6576,0.6576,0.0,2
03:41:57.559,0.6749,0.6749,0.0,2
03:41:57.656,0.745,0.745,0.0,2
03:41:57.898,0.0021,0.0021,0.0,2
03:41:58.158,0.6617,0.6617,0.0,2
03:41:58.298,0.6778,0.6778,0.0,2
03:41:58.540,0.6893,0.6893,0.0,2
03:41:59.058,0.6253,0.6253,0.0,2
03:41:59.123,0.0584,0.0584,0.0,2
03:41:59.300,0.6973,0.6973,0.0,2
03:41:59.436,0.6707,0.6707,0.0,2
03:41:59.569,0.6337,0.6337,0.0,2
03:41:59.725,0.6288,0.6288,0.0,2
03:41:59.905,0.5691,0.5691,0.0,2
03:42:00.184,0.5326,0.5326,0.0,2
03:42:00.342,0.666,0.666,0.0,2
03:42:00.526,0.6092,0.6092,0.0,2
03:42:00.795,0.8057,0.8057,0.0,2
03:42:01.130,0.8576,0.8576,0.0,2
03:42:01.321,0.2256,0.2256,0.0,2
03:42:01.441,0.7184,0.7184,0.0,2
03:42:01.687,0.481,0.481,0.0,2
03:42:01.792,0.6115,0.6115,0.0,2
03:42:02.201,0.6809,0.6809,0.0,2
03:42:02.276,0.6929,0.6929,0.0,2
03:42:02.313,0.7184,0.7184,0.0,2
03:42:02.629,0.632,0.632,0.0,2
03:42:02.795,0.4514,0.4514,0.0,2
03:42:02.959,0.5798,0.5798,0.0,2
03:42:03.103,0.7697,0.7697,0.0,2
03:42:03.345,0.7317,0.7317,0.0,2
03:42:03.540,0.6801,0.6801,0.0,2
03:42:03.881,0.658,0.658,0.0,2
03:42:04.003,0.69,0.69,0.0,2
03:42:04.165,0.6649,0.6649,0.0,2
03:42:04.496,1.7377,1.7377,0.0,2
03:42:04.916,0.9853,0.9853,0.0,2
03:42:05.050,0.6769,0.6769,0.0,2
03:42:05.404,0.717,0.717,0.0,2
03:42:05.522,0.6962,0.6962,0.0,2
03:42:05.629,0.6646,0.6646,0.0,2
03:42:05.743,0.5741,0.5741,0.0,2
03:42:05.907,0.6382,0.6382,0.0,2
03:42:06.250,0.5905,0.5905,0.0,2
03:42:06.316,0.6646,0.6646,0.0,2
03:42:06.654,0.6537,0.6537,0.0,2
03:42:06.843,0.7028,0.7028,0.0,2
03:42:06.987,0.8011,0.8011,0.0,2
03:42:07.102,0.6632,0.6632,0.0,2
03:42:07.236,0.5789,0.5789,0.0,2
03:42:07.513,0.702,0.702,0.0,2
03:42:08.075,0.6714,0.6714,0.0,2
03:42:08.183,0.6273,0.6273,0.0,2
03:42:08.375,0.5323,0.5323,0.0,2
03:42:08.602,0.6891,0.6891,0.0,2
03:42:08.678,0.7073,0.7073,0.0,2
03:42:08.825,0.6216,0.6216,0.0,2
03:42:08.952,1.1228,1.1228,0.0,2
03:42:09.283,0.7831,0.7831,0.0,2
03:42:09.544,0.6279,0.6279,0.0,2
03:42:09.624,0.6287,0.6287,0.0,2
03:42:09.882,0.5715,0.5715,0.0,2
03:42:10.227,0.7064,0.7064,0.0,2
03:42:10.364,0.6941,0.6941,0.0,2
03:42:10.464,0.6535,0.6535,0.0,2
03:42:10.547,0.6907,0.6907,0.0,2
03:42:10.671,0.6592,0.6592,0.0,2
03:42:11.114,0.5502,0.5502,0.0,2
03:42:11.365,0.5933,0.5933,0.0,2
03:42:11.501,0.6989,0.6989,0.0,2
03:42:11.733,0.731,0.731,0.0,2
03:42:11.884,0.6677,0.6677,0.0,2
03:42:12.100,0.6852,0.6852,0.0,2
03:42:12.258,0.667,0.667,0.0,2
03:42:12.373,0.7307,0.7307,0.0,2
03:42:12.577,3.3334,3.3334,0.0,2
03:42:13.128,0.6943,0.6943,0.0,2
03:42:13.276,0.6729,0.6729,0.0,2
03:42:13.426,0.6733,0.6733,0.0,2
03:42:13.505,0.679,0.679,0.0,2
03:42:13.619,0.6936,0.6936,0.0,2
03:42:13.768,0.6894,0.6894,0.0,2
03:42:14.013,0.7139,0.7139,0.0,2
03:42:14.253,0.6856,0.6856,0.0,2
03:42:14.396,0.635,0.635,0.0,2
03:42:15.034,0.662,0.662,0.0,2
03:42:15.123,0.9251,0.9251,0.0,2
03:42:15.235,0.644,0.644,0.0,2
03:42:15.412,0.6923,0.6923,0.0,2
03:42:15.556,0.6265,0.6265,0.0,2
03:42:15.676,0.6818,0.6818,0.0,2
03:42:15.904,0.2215,0.2215,0.0,2
03:42:16.072,0.6778,0.6778,0.0,2
03:42:16.310,0.6051,0.6051,0.0,2
03:42:16.564,0.676,0.676,0.0,2
03:42:16.633,0.7488,0.7488,0.0,2
03:42:16.845,0.6834,0.6834,0.0,2
03:42:17.018,0.5542,0.5542,0.0,2
03:42:17.655,0.8997,0.8997,0.0,2
03:42:17.700,0.7119,0.7119,0.0,2
03:42:17.878,0.6931,0.6931,0.0,2
03:42:18.064,0.6404,0.6404,0.0,2
03:42:18.152,0.6453,0.6453,0.0,2
03:42:18.397,0.7464,0.7464,0.0,2
03:42:18.615,0.5969,0.5969,0.0,2
03:42:18.710,0.6268,0.6268,0.0,2
03:42:18.877,0.5936,0.5936,0.0,2
03:42:19.146,0.6725,0.6725,0.0,2
03:42:19.320,0.6727,0.6727,0.0,2
03:42:19.575,0.6781,0.6781,0.0,2
03:42:19.951,0.6975,0.6975,0.0,2
03:42:20.044,0.7423,0.7423,0.0,2
03:42:20.226,0.6956,0.6956,0.0,2
03:42:20.430,0.6658,0.6658,0.0,2
03:42:20.636,0.6315,0.6315,0.0,2
03:42:20.722,0.6975,0.6975,0.0,2
03:42:20.968,0.6181,0.6181,0.0,2
03:42:21.234,0.7182,0.7182,0.0,2
03:42:21.387,0.6721,0.6721,0.0,2
03:42:21.626,0.6807,0.6807,0.0,2
03:42:21.816,0.7186,0.7186,0.0,2
03:42:21.935,0.6567,0.6567,0.0,2
03:42:22.138,0.6523,0.6523,0.0,2
03:42:22.409,0.5755,0.5755,0.0,2
03:42:22.716,0.692,0.692,0.0,2
03:42:22.852,0.6814,0.6814,0.0,2
03:42:22.987,0.6722,0.6722,0.0,2
03:42:23.324,0.246,0.246,0.0,2
03:42:23.597,0.5982,0.5982,0.0,2
03:42:23.659,0.6953,0.6953,0.0,2
03:42:23.909,0.7774,0.7774,0.0,2
03:42:24.102,0.7165,0.7165,0.0,2
03:42:24.236,0.6817,0.6817,0.0,2
03:42:24.438,0.6286,0.6286,0.0,2
03:42:24.688,0.6869,0.6869,0.0,2
03:42:24.872,0.6466,0.6466,0.0,2
03:42:25.090,0.6519,0.6519,0.0,2
03:42:25.287,0.6359,0.6359,0.0,2
03:42:25.429,0.7245,0.7245,0.0,2
03:42:25.748,0.7345,0.7345,0.0,2
03:42:25.863,0.685,0.685,0.0,2
03:42:26.051,0.6595,0.6595,0.0,2
03:42:26.300,0.7459,0.7459,0.0,2
03:42:26.517,0.7813,0.7813,0.0,2
03:42:26.747,0.4496,0.4496,0.0,2
03:42:26.850,0.6484,0.6484,0.0,2
03:42:27.071,0.7639,0.7639,0.0,2
03:42:27.409,0.6988,0.6988,0.0,2
03:42:27.661,0.6661,0.6661,0.0,2
03:42:27.917,0.6727,0.6727,0.0,2
03:42:28.201,0.6534,0.6534,0.0,2
03:42:28.314,0.6868,0.6868,0.0,2
03:42:28.734,0.6816,0.6816,0.0,2
03:42:28.932,0.7097,0.7097,0.0,2
03:42:29.124,0.6739,0.6739,0.0,2
03:42:29.289,0.6942,0.6942,0.0,2
03:42:29.462,0.7088,0.7088,0.0,2
03:42:29.656,0.6177,0.6177,0.0,2
03:42:29.821,0.8052,0.8052,0.0,2
03:42:29.959,0.6997,0.6997,0.0,2
03:42:30.130,0.7073,0.7073,0.0,2
03:42:30.352,0.7234,0.7234,0.0,2
03:42:30.534,0.6023,0.6023,0.0,2
03:42:30.710,0.7076,0.7076,0.0,2
03:42:30.903,0.6012,0.6012,0.0,2
03:42:31.173,0.7415,0.7415,0.0,2
03:42:31.486,0.6582,0.6582,0.0,2
03:42:31.839,0.4931,0.4931,0.0,2
03:42:32.242,0.6643,0.6643,0.0,2
03:42:32.415,0.6768,0.6768,0.0,2
03:42:32.725,0.7278,0.7278,0.0,2
03:42:32.825,0.6276,0.6276,0.0,2
03:42:32.950,0.5313,0.5313,0.0,2
03:42:33.041,0.4808,0.4808,0.0,2
03:42:33.133,0.5743,0.5743,0.0,2
03:42:33.235,0.6558,0.6558,0.0,2
03:42:33.450,0.8524,0.8524,0.0,2
03:42:33.593,0.7515,0.7515,0.0,2
03:42:33.837,0.5093,0.5093,0.0,2
03:42:34.033,0.7032,0.7032,0.0,2
03:42:34.203,0.6209,0.6209,0.0,2
03:42:34.572,0.5961,0.5961,0.0,2
03:42:34.776,0.7255,0.7255,0.0,2
03:42:34.875,0.598,0.598,0.0,2
03:42:35.044,0.6893,0.6893,0.0,2
03:42:35.476,0.7013,0.7013,0.0,2
03:42:35.568,0.524,0.524,0.0,2
03:42:35.734,0.6957,0.6957,0.0,2
03:42:35.866,0.6842,0.6842,0.0,2
03:42:35.995,0.7041,0.7041,0.0,2
03:42:36.119,0.5673,0.5673,0.0,2
03:42:36.334,0.6937,0.6937,0.0,2
03:42:36.578,0.7079,0.7079,0.0,2
03:42:36.742,0.6406,0.6406,0.0,2
03:42:36.879,0.6722,0.6722,0.0,2
03:42:37.191,0.8408,0.8408,0.0,2
03:42:37.358,0.6665,0.6665,0.0,2
03:42:37.602,0.7064,0.7064,0.0,2
03:42:37.769,0.521,0.521,0.0,2
03:42:37.911,0.6818,0.6818,0.0,2
03:42:38.113,0.6677,0.6677,0.0,2
03:42:38.317,0.6671,0.6671,0.0,2
03:42:38.584,0.6756,0.6756,0.0,2
03:42:38.723,0.6997,0.6997,0.0,2
03:42:38.993,0.6356,0.6356,0.0,2
03:42:39.132,0.4817,0.4817,0.0,2
03:42:39.337,0.7182,0.7182,0.0,2
03:42:39.646,0.7222,0.7222,0.0,2
03:42:39.751,0.6733,0.6733,0.0,2
03:42:39.954,0.0092,0.0092,0.0,2
03:42:40.309,0.5743,0.5743,0.0,2
03:42:40.394,0.7602,0.7602,0.0,2
03:42:40.644,0.6693,0.6693,0.0,2
03:42:40.774,0.7067,0.7067,0.0,2
03:42:41.053,0.5846,0.5846,0.0,2
03:42:41.292,0.7252,0.7252,0.0,2
03:42:41.519,0.7861,0.7861,0.0,2
03:42:41.745,0.7318,0.7318,0.0,2
03:42:41.887,0.9893,0.9893,0.0,2
03:42:42.272,0.657,0.657,0.0,2
03:42:42.412,0.6844,0.6844,0.0,2
03:42:42.760,0.6237,0.6237,0.0,2
03:42:42.839,0.603,0.603,0.0,2
03:42:43.173,0.6752,0.6752,0.0,2
03:42:43.233,0.6728,0.6728,0.0,2
03:42:43.480,0.6762,0.6762,0.0,2
03:42:43.539,0.7039,0.7039,0.0,2
03:42:43.663,0.7231,0.7231,0.0,2
03:42:43.935,0.6816,0.6816,0.0,2
03:42:44.181,0.7097,0.7097,0.0,2
03:42:44.374,0.692,0.692,0.0,2
03:42:44.534,0.7285,0.7285,0.0,2
03:42:44.775,0.6622,0.6622,0.0,2
03:42:44.915,0.6874,0.6874,0.0,2
03:42:45.466,0.705,0.705,0.0,2
03:42:45.537,0.6733,0.6733,0.0,2
03:42:45.888,0.6721,0.6721,0.0,2
03:42:46.019,0.6719,0.6719,0.0,2
03:42:46.211,0.66,0.66,0.0,2
03:42:46.470,0.6807,0.6807,0.0,2
03:42:46.527,0.778,0.778,0.0,2
03:42:46.667,0.6663,0.6663,0.0,2
03:42:47.158,0.6156,0.6156,0.0,2
03:42:47.312,0.6159,0.6159,0.0,2
03:42:47.414,0.5871,0.5871,0.0,2
03:42:47.462,0.6475,0.6475,0.0,2
03:42:47.765,0.5043,0.5043,0.0,2
03:42:47.998,0.6378,0.6378,0.0,2
03:42:48.311,0.829,0.829,0.0,2
03:42:48.588,0.6713,0.6713,0.0,2
03:42:48.729,0.745,0.745,0.0,2
03:42:48.858,0.6364,0.6364,0.0,2
03:42:48.989,0.5622,0.5622,0.0,2
03:42:49.178,0.6664,0.6664,0.0,2
03:42:49.283,0.6565,0.6565,0.0,2
03:42:49.471,0.6507,0.6507,0.0,2
03:42:49.762,0.6949,0.6949,0.0,2
03:42:50.354,0.6406,0.6406,0.0,2
03:42:50.428,0.6428,0.6428,0.0,2
03:42:50.520,0.533,0.533,0.0,2
03:42:50.676,0.3647,0.3647,0.0,2
03:42:50.865,0.6977,0.6977,0.0,2
03:42:50.915,0.6493,0.6493,0.0,2
03:42:51.110,0.6471,0.6471,0.0,2
03:42:51.357,0.7082,0.7082,0.0,2
03:42:51.461,0.6948,0.6948,0.0,2
03:42:51.654,0.7254,0.7254,0.0,2
03:42:51.898,0.6322,0.6322,0.0,2
03:42:52.146,0.5728,0.5728,0.0,2
03:42:52.445,0.6586,0.6586,0.0,2
03:42:52.558,0.3909,0.3909,0.0,2
03:42:52.683,0.5248,0.5248,0.0,2
03:42:52.978,0.7401,0.7401,0.0,2
03:42:53.197,0.6188,0.6188,0.0,2
03:42:53.378,0.6924,0.6924,0.0,2
03:42:53.500,0.7024,0.7024,0.0,2
03:42:53.806,0.7179,0.7179,0.0,2
03:42:54.108,0.6676,0.6676,0.0,2
03:42:54.306,0.7265,0.7265,0.0,2
03:42:54.426,0.6885,0.6885,0.0,2
03:42:54.629,0.5704,0.5704,0.0,2
03:42:54.802,0.6854,0.6854,0.0,2
03:42:54.962,0.6548,0.6548,0.0,2
03:42:55.172,4.7236,4.7236,0.0,2
03:42:55.377,1.57,1.57,0.0,2
03:42:55.585,1.2031,1.2031,0.0,2
03:42:55.775,0.714,0.714,0.0,2
03:42:55.946,0.6755,0.6755,0.0,2
03:42:56.184,0.6141,0.6141,0.0,2
03:42:56.404,0.7013,0.7013,0.0,2
03:42:56.655,0.6778,0.6778,0.0,2
03:42:56.816,0.688,0.688,0.0,2
03:42:56.996,0.6916,0.6916,0.0,2
03:42:57.188,0.6767,0.6767,0.0,2
03:42:57.412,0.8862,0.8862,0.0,2
03:42:57.631,0.6506,0.6506,0.0,2
03:42:57.835,0.6134,0.6134,0.0,2
03:42:57.994,0.6078,0.6078,0.0,2
03:42:58.236,0.8486,0.8486,0.0,2
03:42:58.451,0.5799,0.5799,0.0,2
03:42:58.702,0.6581,0.6581,0.0,2
03:42:58.974,1.1243,1.1243,0.0,2
03:42:59.180,0.7463,0.7463,0.0,2
03:42:59.381,0.7023,0.7023,0.0,2
03:42:59.608,0.7195,0.7195,0.0,2
03:42:59.721,0.631,0.631,0.0,2
03:43:00.095,0.5853,0.5853,0.0,2
03:43:00.184,0.6399,0.6399,0.0,2
03:43:00.518,0.4353,0.4353,0.0,2
03:43:00.633,0.7849,0.7849,0.0,2
03:43:00.820,0.7488,0.7488,0.0,2
03:43:01.166,0.6579,0.6579,0.0,2
03:43:01.235,0.7134,0.7134,0.0,2
03:43:01.443,0.6817,0.6817,0.0,2
03:43:01.557,0.756,0.756,0.0,2
03:43:01.820,0.5517,0.5517,0.0,2
03:43:01.957,0.7276,0.7276,0.0,2
03:43:02.137,0.6197,0.6197,0.0,2
03:43:02.353,0.6087,0.6087,0.0,2
03:43:02.562,0.6921,0.6921,0.0,2
03:43:02.937,0.6252,0.6252,0.0,2
03:43:03.087,0.5591,0.5591,0.0,2
03:43:03.287,0.7677,0.7677,0.0,2
03:43:03.427,0.7001,0.7001,0.0,2
03:43:03.666,0.6597,0.6597,0.0,2
03:43:03.903,0.7065,0.7065,0.0,2
03:43:04.145,0.6674,0.6674,0.0,2
03:43:04.270,0.7103,0.7103,0.0,2
03:43:04.444,0.6685,0.6685,0.0,2
03:43:04.791,0.7945,0.7945,0.0,2
03:43:05.036,0.7359,0.7359,0.0,2
03:43:05.166,0.7426,0.7426,0.0,2
03:43:05.280,0.6689,0.6689,0.0,2
03:43:05.662,0.7118,0.7118,0.0,2
03:43:05.741,0.647,0.647,0.0,2
03:43:05.871,0.7241,0.7241,0.0,2
03:43:06.070,0.6678,0.6678,0.0,2
03:43:06.306,0.6702,0.6702,0.0,2
03:43:06.616,0.2333,0.2333,0.0,2
03:43:06.682,0.7249,0.7249,0.0,2
03:43:06.935,0.8664,0.8664,0.0,2
03:43:07.266,0.7106,0.7106,0.0,2
03:43:07.388,0.6888,0.6888,0.0,2
03:43:07.499,0.6804,0.6804,0.0,2
03:43:07.827,0.8109,0.8109,0.0,2
03:43:07.891,0.6754,0.6754,0.0,2
03:43:08.066,0.65,0.65,0.0,2
03:43:08.366,0.6504,0.6504,0.0,2
03:43:08.571,0.7121,0.7121,0.0,2
03:43:08.769,0.6978,0.6978,0.0,2
03:43:09.001,0.5155,0.5155,0.0,2
03:43:09.139,0.6663,0.6663,0.0,2
03:43:09.574,0.7709,0.7709,0.0,2
03:43:09.680,0.6513,0.6513,0.0,2
03:43:09.904,1.8618,1.8618,0.0,2
03:43:10.069,0.7044,0.7044,0.0,2
03:43:10.187,0.6916,0.6916,0.0,2
03:43:10.396,0.7141,0.7141,0.0,2
03:43:10.588,0.6256,0.6256,0.0,2
03:43:10.893,0.6809,0.6809,0.0,2
03:43:10.989,0.6627,0.6627,0.0,2
03:43:11.221,0.681,0.681,0.0,2
